[{"model": "student_feedback_app.user", "pk": 1, "fields": {"password": "pbkdf2_sha256$120000$QYyU4eond5QB$yq9zuPFGYaIG9zWF/96lo24I1+mvPe8eCi/IVeuoPd8=", "last_login": null, "is_superuser": false, "first_name": "", "last_name": "", "email": "sarah_fields@student.gla.ac.uk", "is_staff": false, "date_joined": "2019-03-06T11:10:07.047Z", "slug": "sarah-fields", "profile_picture": "profile_pictures/default_image.jpg", "id_number": "1402789", "username": "Sarah Fields", "is_student": true, "is_lecturer": false, "degree": "Degree not specified", "bio": "Biography not specified", "is_active": true, "groups": [], "user_permissions": []}}, {"model": "student_feedback_app.user", "pk": 2, "fields": {"password": "pbkdf2_sha256$120000$TkU8uzSMGnjZ$/2AX/MltATrd+e29F1/tNYMXj+3ZVuXhdvIfgDIS+9I=", "last_login": "2019-03-06T11:10:23.696Z", "is_superuser": false, "first_name": "", "last_name": "", "email": "james_smith@student.gla.ac.uk", "is_staff": false, "date_joined": "2019-03-06T11:10:07.216Z", "slug": "james-smith", "profile_picture": "profile_pictures/default_image.jpg", "id_number": "1402001", "username": "James Smith", "is_student": true, "is_lecturer": false, "degree": "Degree not specified", "bio": "Biography not specified", "is_active": true, "groups": [], "user_permissions": []}}, {"model": "student_feedback_app.user", "pk": 3, "fields": {"password": "pbkdf2_sha256$120000$iOEj1dH7IwfA$jhfMrI3SGI9tvXyT6eLxiLzQjEPVF/J3lFp43ikgqJE=", "last_login": null, "is_superuser": false, "first_name": "", "last_name": "", "email": "sophie_clover@student.gla.ac.uk", "is_staff": false, "date_joined": "2019-03-06T11:10:07.380Z", "slug": "sophie-clover", "profile_picture": "profile_pictures/default_image.jpg", "id_number": "1403389", "username": "Sophie Clover", "is_student": true, "is_lecturer": false, "degree": "Degree not specified", "bio": "Biography not specified", "is_active": true, "groups": [], "user_permissions": []}}, {"model": "student_feedback_app.user", "pk": 4, "fields": {"password": "pbkdf2_sha256$120000$AlgcFHDCyFJc$1pm1FOkqm4w0RyQ1espe/LNz6fOTDsaMeJ8bP/SF0TM=", "last_login": null, "is_superuser": false, "first_name": "", "last_name": "", "email": "jake_white@student.gla.ac.uk", "is_staff": false, "date_joined": "2019-03-06T11:10:07.530Z", "slug": "jake-white", "profile_picture": "profile_pictures/default_image.jpg", "id_number": "002489", "username": "Jake White", "is_student": true, "is_lecturer": false, "degree": "Degree not specified", "bio": "Biography not specified", "is_active": true, "groups": [], "user_permissions": []}}, {"model": "student_feedback_app.user", "pk": 5, "fields": {"password": "pbkdf2_sha256$120000$eSJTDBraDcQq$AOkQ45FM/jdmcAW95Wc6qv6gETnbyguvxRjrubXuGBw=", "last_login": null, "is_superuser": false, "first_name": "", "last_name": "", "email": "jane_mitchell@student.gla.ac.uk", "is_staff": false, "date_joined": "2019-03-06T11:10:07.673Z", "slug": "jane-mitchell", "profile_picture": "profile_pictures/default_image.jpg", "id_number": "1402781", "username": "Jane Mitchell", "is_student": true, "is_lecturer": false, "degree": "Degree not specified", "bio": "Biography not specified", "is_active": true, "groups": [], "user_permissions": []}}, {"model": "student_feedback_app.user", "pk": 6, "fields": {"password": "pbkdf2_sha256$120000$uxo8dQ7CD2uS$sGOz4HwOgrdkZPGwU6MRvMINS1Bm50XRCgKJevwzzYo=", "last_login": null, "is_superuser": false, "first_name": "", "last_name": "", "email": "wulfric_gwenda@student.gla.ac.uk", "is_staff": false, "date_joined": "2019-03-06T11:10:07.816Z", "slug": "wulfric-gwenda", "profile_picture": "profile_pictures/default_image.jpg", "id_number": "14021382", "username": "Wulfric Gwenda", "is_student": true, "is_lecturer": false, "degree": "Degree not specified", "bio": "Biography not specified", "is_active": true, "groups": [], "user_permissions": []}}, {"model": "student_feedback_app.user", "pk": 7, "fields": {"password": "pbkdf2_sha256$120000$ltrS8YCfjhDj$rOzZUSnxqkJooDeHyHs13Onbh+90otcyf8OQNlmTWU0=", "last_login": null, "is_superuser": false, "first_name": "", "last_name": "", "email": "ralph_merthin@student.gla.ac.uk", "is_staff": false, "date_joined": "2019-03-06T11:10:07.953Z", "slug": "ralph-merthin", "profile_picture": "profile_pictures/default_image.jpg", "id_number": "8352781", "username": "Ralph Merthin", "is_student": true, "is_lecturer": false, "degree": "Degree not specified", "bio": "Biography not specified", "is_active": true, "groups": [], "user_permissions": []}}, {"model": "student_feedback_app.user", "pk": 8, "fields": {"password": "pbkdf2_sha256$120000$5QzY50BwBTBH$DkMKis32dB2Pif861iryUze93KYl+q3jkkCAK7N+2FU=", "last_login": null, "is_superuser": false, "first_name": "", "last_name": "", "email": "thomas_langley@student.gla.ac.uk", "is_staff": false, "date_joined": "2019-03-06T11:10:08.095Z", "slug": "thomas-langley", "profile_picture": "profile_pictures/default_image.jpg", "id_number": "1439181", "username": "Thomas Langley", "is_student": true, "is_lecturer": false, "degree": "Degree not specified", "bio": "Biography not specified", "is_active": true, "groups": [], "user_permissions": []}}, {"model": "student_feedback_app.user", "pk": 9, "fields": {"password": "pbkdf2_sha256$120000$ghbcBFStFTuL$XqG3hI34tJ91JyTIyneMjtC1K+IBYDCAVtTeIHlWULI=", "last_login": null, "is_superuser": false, "first_name": "", "last_name": "", "email": "scott_roy@glasgow.ac.uk", "is_staff": false, "date_joined": "2019-03-06T11:10:08.241Z", "slug": "prof-roy", "profile_picture": "profile_pictures/default_image.jpg", "id_number": "00001", "username": "Prof. Roy", "is_student": false, "is_lecturer": true, "degree": "Degree not specified", "bio": "Biography not specified", "is_active": true, "groups": [], "user_permissions": []}}, {"model": "student_feedback_app.user", "pk": 10, "fields": {"password": "pbkdf2_sha256$120000$2atYVWdqmRsV$+X5ZhWtJaPoneWxP2JgrYC0gWCyJ3tuEZGI6jtd7kpA=", "last_login": null, "is_superuser": false, "first_name": "", "last_name": "", "email": "callum_cossar@glasgow.ac.uk", "is_staff": false, "date_joined": "2019-03-06T11:10:08.424Z", "slug": "dr-cossar", "profile_picture": "profile_pictures/default_image.jpg", "id_number": "00002", "username": "Dr. Cossar", "is_student": false, "is_lecturer": true, "degree": "Degree not specified", "bio": "Biography not specified", "is_active": true, "groups": [], "user_permissions": []}}, {"model": "student_feedback_app.studentprofile", "pk": 1, "fields": {"score": 8, "courses": ["ARH01", "MAT1Q", "POL01"]}}, {"model": "student_feedback_app.studentprofile", "pk": 2, "fields": {"score": 34, "courses": ["ARH01", "MAT1Q"]}}, {"model": "student_feedback_app.studentprofile", "pk": 3, "fields": {"score": 0, "courses": ["MAT1Q"]}}, {"model": "student_feedback_app.studentprofile", "pk": 4, "fields": {"score": 5, "courses": ["ARH01"]}}, {"model": "student_feedback_app.studentprofile", "pk": 5, "fields": {"score": 13, "courses": ["ARH01", "POL01"]}}, {"model": "student_feedback_app.studentprofile", "pk": 6, "fields": {"score": 40, "courses": ["POL01"]}}, {"model": "student_feedback_app.studentprofile", "pk": 7, "fields": {"score": 7, "courses": ["MAT1Q", "POL01"]}}, {"model": "student_feedback_app.studentprofile", "pk": 8, "fields": {"score": 18, "courses": ["ARH01", "MAT1Q"]}}, {"model": "student_feedback_app.studentprofile", "pk": 9, "fields": {"score": 0, "courses": []}}, {"model": "student_feedback_app.studentprofile", "pk": 10, "fields": {"score": 0, "courses": []}}, {"model": "student_feedback_app.achievement", "pk": 1, "fields": {"student": 2, "category": 22, "achiev": "[0]"}}, {"model": "student_feedback_app.achievement", "pk": 2, "fields": {"student": 2, "category": 32, "achiev": "[5]"}}, {"model": "student_feedback_app.achievement", "pk": 3, "fields": {"student": 2, "category": 2, "achiev": "[0]"}}, {"model": "student_feedback_app.achievement", "pk": 4, "fields": {"student": 2, "category": 62, "achiev": "[10, 5]"}}, {"model": "student_feedback_app.achievement", "pk": 5, "fields": {"student": 2, "category": 42, "achiev": "[0]"}}, {"model": "student_feedback_app.achievement", "pk": 6, "fields": {"student": 2, "category": 22, "achiev": "[5]"}}, {"model": "student_feedback_app.achievement", "pk": 7, "fields": {"student": 2, "category": 72, "achiev": "[0]"}}, {"model": "student_feedback_app.course", "pk": "ARH01", "fields": {"subject": "ArtHistory01", "course_description": "A history of art between Middle Ages and High Renaissance periods", "subject_slug": "arh01", "course_token": "ARH01CN2N", "students": [1, 2, 4, 5, 8], "lecturers": [9]}}, {"model": "student_feedback_app.course", "pk": "MAT1Q", "fields": {"subject": "Maths1Q", "course_description": "A base look at mathematical functions in the real world", "subject_slug": "mat1q", "course_token": "MAT1Q306P", "students": [1, 2, 3, 7, 8], "lecturers": [10]}}, {"model": "student_feedback_app.course", "pk": "POL01", "fields": {"subject": "Polish01", "course_description": "An introductory class on the polish language", "subject_slug": "pol01", "course_token": "POL01RDL4", "students": [1, 5, 6, 7], "lecturers": [9]}}, {"model": "student_feedback_app.lecturerprofile", "pk": 9, "fields": {"courses": ["ARH01", "POL01"]}}, {"model": "student_feedback_app.lecturerprofile", "pk": 10, "fields": {"courses": ["MAT1Q"]}}, {"model": "student_feedback_app.feedback", "pk": 1, "fields": {"date_only": "2019-03-06", "date_given": "2019-03-06T11:10:11.061Z", "pre_defined_message": 46, "points": 4, "from_user": 10, "student": 1, "which_course": "MAT1Q", "datetime_given": "2019-03-03T11:10:11.073Z", "optional_message": "", "category": 10}}, {"model": "student_feedback_app.feedback", "pk": 2, "fields": {"date_only": "2019-03-06", "date_given": "2019-03-06T11:10:11.077Z", "pre_defined_message": 201, "points": 3, "from_user": 10, "student": 2, "which_course": "MAT1Q", "datetime_given": "2019-03-04T11:10:11.085Z", "optional_message": "I noticed how you helped Jane complete her work.", "category": 30}}, {"model": "student_feedback_app.feedback", "pk": 3, "fields": {"date_only": "2019-03-06", "date_given": "2019-03-06T11:10:11.088Z", "pre_defined_message": 279, "points": 5, "from_user": 9, "student": 2, "which_course": "MAT1Q", "datetime_given": "2019-02-28T11:10:11.097Z", "optional_message": "", "category": 39}}, {"model": "student_feedback_app.feedback", "pk": 4, "fields": {"date_only": "2019-03-06", "date_given": "2019-03-06T11:10:11.101Z", "pre_defined_message": 47, "points": 3, "from_user": 10, "student": 2, "which_course": "MAT1Q", "datetime_given": "2019-03-04T11:10:11.110Z", "optional_message": "", "category": 10}}, {"model": "student_feedback_app.feedback", "pk": 5, "fields": {"date_only": "2019-03-06", "date_given": "2019-03-06T11:10:11.113Z", "pre_defined_message": 45, "points": 5, "from_user": 9, "student": 5, "which_course": "ARH01", "datetime_given": "2019-03-05T11:10:11.122Z", "optional_message": "Feel free to drop by my office.", "category": 9}}, {"model": "student_feedback_app.feedback", "pk": 6, "fields": {"date_only": "2019-03-06", "date_given": "2019-03-06T11:10:11.126Z", "pre_defined_message": 484, "points": 5, "from_user": 1, "student": 4, "which_course": "ARH01", "datetime_given": "2019-02-27T11:10:11.135Z", "optional_message": "", "category": 71}}, {"model": "student_feedback_app.feedback", "pk": 7, "fields": {"date_only": "2019-03-06", "date_given": "2019-03-06T11:10:11.138Z", "pre_defined_message": 471, "points": 5, "from_user": 9, "student": 2, "which_course": "MAT1Q", "datetime_given": "2019-02-28T11:10:11.146Z", "optional_message": "", "category": 69}}, {"model": "student_feedback_app.feedback", "pk": 8, "fields": {"date_only": "2019-03-06", "date_given": "2019-03-06T11:10:11.149Z", "pre_defined_message": 342, "points": 1, "from_user": 9, "student": 2, "which_course": "MAT1Q", "datetime_given": "2019-03-02T11:10:11.158Z", "optional_message": "", "category": 49}}, {"model": "student_feedback_app.feedback", "pk": 9, "fields": {"date_only": "2019-03-06", "date_given": "2019-03-06T11:10:11.162Z", "pre_defined_message": 200, "points": 4, "from_user": 9, "student": 2, "which_course": "MAT1Q", "datetime_given": "2019-03-01T11:10:11.176Z", "optional_message": "", "category": 29}}, {"model": "student_feedback_app.feedback", "pk": 10, "fields": {"date_only": "2019-03-06", "date_given": "2019-03-06T11:10:11.179Z", "pre_defined_message": 195, "points": 4, "from_user": 9, "student": 2, "which_course": "MAT1Q", "datetime_given": "2019-02-28T11:10:11.188Z", "optional_message": "", "category": 29}}, {"model": "student_feedback_app.feedback", "pk": 11, "fields": {"date_only": "2019-03-06", "date_given": "2019-03-06T11:10:11.191Z", "pre_defined_message": 123, "points": 4, "from_user": 2, "student": 1, "which_course": "MAT1Q", "datetime_given": "2019-03-01T11:10:11.199Z", "optional_message": "", "category": 22}}, {"model": "student_feedback_app.feedback", "pk": 12, "fields": {"date_only": "2019-03-06", "date_given": "2019-03-06T11:10:11.203Z", "pre_defined_message": 62, "points": 3, "from_user": 2, "student": 5, "which_course": "MAT1Q", "datetime_given": "2019-02-27T11:10:11.212Z", "optional_message": "", "category": 12}}, {"model": "student_feedback_app.feedback", "pk": 13, "fields": {"date_only": "2019-03-06", "date_given": "2019-03-06T11:10:11.215Z", "pre_defined_message": 59, "points": 2, "from_user": 2, "student": 8, "which_course": "MAT1Q", "datetime_given": "2019-03-03T11:10:11.224Z", "optional_message": "", "category": 12}}, {"model": "student_feedback_app.feedback", "pk": 14, "fields": {"date_only": "2019-03-06", "date_given": "2019-03-06T11:10:11.227Z", "pre_defined_message": 60, "points": 3, "from_user": 2, "student": 7, "which_course": "MAT1Q", "datetime_given": "2019-03-04T11:10:11.236Z", "optional_message": "", "category": 12}}, {"model": "student_feedback_app.feedback", "pk": 15, "fields": {"date_only": "2019-03-06", "date_given": "2019-03-06T11:10:11.239Z", "pre_defined_message": 418, "points": 5, "from_user": 2, "student": 5, "which_course": "MAT1Q", "datetime_given": "2019-02-28T11:10:11.248Z", "optional_message": "", "category": 62}}, {"model": "student_feedback_app.feedback", "pk": 16, "fields": {"date_only": "2019-03-06", "date_given": "2019-03-06T11:10:11.252Z", "pre_defined_message": 468, "points": 2, "from_user": 9, "student": 2, "which_course": "MAT1Q", "datetime_given": "2019-02-28T11:10:11.262Z", "optional_message": "", "category": 69}}, {"model": "student_feedback_app.feedback", "pk": 17, "fields": {"date_only": "2019-03-06", "date_given": "2019-03-06T11:10:11.266Z", "pre_defined_message": 469, "points": 4, "from_user": 9, "student": 2, "which_course": "MAT1Q", "datetime_given": "2019-02-28T11:10:11.276Z", "optional_message": "", "category": 69}}, {"model": "student_feedback_app.feedback", "pk": 18, "fields": {"date_only": "2019-03-06", "date_given": "2019-03-06T11:10:11.279Z", "pre_defined_message": 473, "points": 2, "from_user": 9, "student": 2, "which_course": "MAT1Q", "datetime_given": "2019-02-28T11:10:11.290Z", "optional_message": "", "category": 69}}, {"model": "student_feedback_app.feedback", "pk": 19, "fields": {"date_only": "2019-03-06", "date_given": "2019-03-06T11:10:11.293Z", "pre_defined_message": 513, "points": 1, "from_user": 9, "student": 2, "which_course": "MAT1Q", "datetime_given": "2019-02-27T11:10:11.304Z", "optional_message": "", "category": 79}}, {"model": "student_feedback_app.category", "pk": 1, "fields": {"name": "Active Participation", "user": 1, "colour": "#F7D969", "icon": 1}}, {"model": "student_feedback_app.category", "pk": 2, "fields": {"name": "Active Participation", "user": 2, "colour": "#F7D969", "icon": 1}}, {"model": "student_feedback_app.category", "pk": 3, "fields": {"name": "Active Participation", "user": 3, "colour": "#F7D969", "icon": 1}}, {"model": "student_feedback_app.category", "pk": 4, "fields": {"name": "Active Participation", "user": 4, "colour": "#F7D969", "icon": 1}}, {"model": "student_feedback_app.category", "pk": 5, "fields": {"name": "Active Participation", "user": 5, "colour": "#F7D969", "icon": 1}}, {"model": "student_feedback_app.category", "pk": 6, "fields": {"name": "Active Participation", "user": 6, "colour": "#F7D969", "icon": 1}}, {"model": "student_feedback_app.category", "pk": 7, "fields": {"name": "Active Participation", "user": 7, "colour": "#F7D969", "icon": 1}}, {"model": "student_feedback_app.category", "pk": 8, "fields": {"name": "Active Participation", "user": 8, "colour": "#F7D969", "icon": 1}}, {"model": "student_feedback_app.category", "pk": 9, "fields": {"name": "Active Participation", "user": 9, "colour": "#F7D969", "icon": 1}}, {"model": "student_feedback_app.category", "pk": 10, "fields": {"name": "Active Participation", "user": 10, "colour": "#F7D969", "icon": 1}}, {"model": "student_feedback_app.category", "pk": 11, "fields": {"name": "Quality of Contribution", "user": 1, "colour": "#F16A43", "icon": 2}}, {"model": "student_feedback_app.category", "pk": 12, "fields": {"name": "Quality of Contribution", "user": 2, "colour": "#F16A43", "icon": 2}}, {"model": "student_feedback_app.category", "pk": 13, "fields": {"name": "Quality of Contribution", "user": 3, "colour": "#F16A43", "icon": 2}}, {"model": "student_feedback_app.category", "pk": 14, "fields": {"name": "Quality of Contribution", "user": 4, "colour": "#F16A43", "icon": 2}}, {"model": "student_feedback_app.category", "pk": 15, "fields": {"name": "Quality of Contribution", "user": 5, "colour": "#F16A43", "icon": 2}}, {"model": "student_feedback_app.category", "pk": 16, "fields": {"name": "Quality of Contribution", "user": 6, "colour": "#F16A43", "icon": 2}}, {"model": "student_feedback_app.category", "pk": 17, "fields": {"name": "Quality of Contribution", "user": 7, "colour": "#F16A43", "icon": 2}}, {"model": "student_feedback_app.category", "pk": 18, "fields": {"name": "Quality of Contribution", "user": 8, "colour": "#F16A43", "icon": 2}}, {"model": "student_feedback_app.category", "pk": 19, "fields": {"name": "Quality of Contribution", "user": 9, "colour": "#F16A43", "icon": 2}}, {"model": "student_feedback_app.category", "pk": 20, "fields": {"name": "Quality of Contribution", "user": 10, "colour": "#F16A43", "icon": 2}}, {"model": "student_feedback_app.category", "pk": 21, "fields": {"name": "Co-operation & Communication", "user": 1, "colour": "#EC1C4B", "icon": 3}}, {"model": "student_feedback_app.category", "pk": 22, "fields": {"name": "Co-operation & Communication", "user": 2, "colour": "#EC1C4B", "icon": 3}}, {"model": "student_feedback_app.category", "pk": 23, "fields": {"name": "Co-operation & Communication", "user": 3, "colour": "#EC1C4B", "icon": 3}}, {"model": "student_feedback_app.category", "pk": 24, "fields": {"name": "Co-operation & Communication", "user": 4, "colour": "#EC1C4B", "icon": 3}}, {"model": "student_feedback_app.category", "pk": 25, "fields": {"name": "Co-operation & Communication", "user": 5, "colour": "#EC1C4B", "icon": 3}}, {"model": "student_feedback_app.category", "pk": 26, "fields": {"name": "Co-operation & Communication", "user": 6, "colour": "#EC1C4B", "icon": 3}}, {"model": "student_feedback_app.category", "pk": 27, "fields": {"name": "Co-operation & Communication", "user": 7, "colour": "#EC1C4B", "icon": 3}}, {"model": "student_feedback_app.category", "pk": 28, "fields": {"name": "Co-operation & Communication", "user": 8, "colour": "#EC1C4B", "icon": 3}}, {"model": "student_feedback_app.category", "pk": 29, "fields": {"name": "Co-operation & Communication", "user": 9, "colour": "#EC1C4B", "icon": 3}}, {"model": "student_feedback_app.category", "pk": 30, "fields": {"name": "Co-operation & Communication", "user": 10, "colour": "#EC1C4B", "icon": 3}}, {"model": "student_feedback_app.category", "pk": 31, "fields": {"name": "Critical Thinking & Analysis", "user": 1, "colour": "#A6206A", "icon": 4}}, {"model": "student_feedback_app.category", "pk": 32, "fields": {"name": "Critical Thinking & Analysis", "user": 2, "colour": "#A6206A", "icon": 4}}, {"model": "student_feedback_app.category", "pk": 33, "fields": {"name": "Critical Thinking & Analysis", "user": 3, "colour": "#A6206A", "icon": 4}}, {"model": "student_feedback_app.category", "pk": 34, "fields": {"name": "Critical Thinking & Analysis", "user": 4, "colour": "#A6206A", "icon": 4}}, {"model": "student_feedback_app.category", "pk": 35, "fields": {"name": "Critical Thinking & Analysis", "user": 5, "colour": "#A6206A", "icon": 4}}, {"model": "student_feedback_app.category", "pk": 36, "fields": {"name": "Critical Thinking & Analysis", "user": 6, "colour": "#A6206A", "icon": 4}}, {"model": "student_feedback_app.category", "pk": 37, "fields": {"name": "Critical Thinking & Analysis", "user": 7, "colour": "#A6206A", "icon": 4}}, {"model": "student_feedback_app.category", "pk": 38, "fields": {"name": "Critical Thinking & Analysis", "user": 8, "colour": "#A6206A", "icon": 4}}, {"model": "student_feedback_app.category", "pk": 39, "fields": {"name": "Critical Thinking & Analysis", "user": 9, "colour": "#A6206A", "icon": 4}}, {"model": "student_feedback_app.category", "pk": 40, "fields": {"name": "Critical Thinking & Analysis", "user": 10, "colour": "#A6206A", "icon": 4}}, {"model": "student_feedback_app.category", "pk": 41, "fields": {"name": "Understanding & Competence", "user": 1, "colour": "#355C7D", "icon": 5}}, {"model": "student_feedback_app.category", "pk": 42, "fields": {"name": "Understanding & Competence", "user": 2, "colour": "#355C7D", "icon": 5}}, {"model": "student_feedback_app.category", "pk": 43, "fields": {"name": "Understanding & Competence", "user": 3, "colour": "#355C7D", "icon": 5}}, {"model": "student_feedback_app.category", "pk": 44, "fields": {"name": "Understanding & Competence", "user": 4, "colour": "#355C7D", "icon": 5}}, {"model": "student_feedback_app.category", "pk": 45, "fields": {"name": "Understanding & Competence", "user": 5, "colour": "#355C7D", "icon": 5}}, {"model": "student_feedback_app.category", "pk": 46, "fields": {"name": "Understanding & Competence", "user": 6, "colour": "#355C7D", "icon": 5}}, {"model": "student_feedback_app.category", "pk": 47, "fields": {"name": "Understanding & Competence", "user": 7, "colour": "#355C7D", "icon": 5}}, {"model": "student_feedback_app.category", "pk": 48, "fields": {"name": "Understanding & Competence", "user": 8, "colour": "#355C7D", "icon": 5}}, {"model": "student_feedback_app.category", "pk": 49, "fields": {"name": "Understanding & Competence", "user": 9, "colour": "#355C7D", "icon": 5}}, {"model": "student_feedback_app.category", "pk": 50, "fields": {"name": "Understanding & Competence", "user": 10, "colour": "#355C7D", "icon": 5}}, {"model": "student_feedback_app.category", "pk": 51, "fields": {"name": "Hard Work", "user": 1, "colour": "#F8B195", "icon": 6}}, {"model": "student_feedback_app.category", "pk": 52, "fields": {"name": "Hard Work", "user": 2, "colour": "#F8B195", "icon": 6}}, {"model": "student_feedback_app.category", "pk": 53, "fields": {"name": "Hard Work", "user": 3, "colour": "#F8B195", "icon": 6}}, {"model": "student_feedback_app.category", "pk": 54, "fields": {"name": "Hard Work", "user": 4, "colour": "#F8B195", "icon": 6}}, {"model": "student_feedback_app.category", "pk": 55, "fields": {"name": "Hard Work", "user": 5, "colour": "#F8B195", "icon": 6}}, {"model": "student_feedback_app.category", "pk": 56, "fields": {"name": "Hard Work", "user": 6, "colour": "#F8B195", "icon": 6}}, {"model": "student_feedback_app.category", "pk": 57, "fields": {"name": "Hard Work", "user": 7, "colour": "#F8B195", "icon": 6}}, {"model": "student_feedback_app.category", "pk": 58, "fields": {"name": "Hard Work", "user": 8, "colour": "#F8B195", "icon": 6}}, {"model": "student_feedback_app.category", "pk": 59, "fields": {"name": "Hard Work", "user": 9, "colour": "#F8B195", "icon": 6}}, {"model": "student_feedback_app.category", "pk": 60, "fields": {"name": "Hard Work", "user": 10, "colour": "#F8B195", "icon": 6}}, {"model": "student_feedback_app.category", "pk": 61, "fields": {"name": "Intellectual Curiosity", "user": 1, "colour": "#F05053", "icon": 7}}, {"model": "student_feedback_app.category", "pk": 62, "fields": {"name": "Intellectual Curiosity", "user": 2, "colour": "#F05053", "icon": 7}}, {"model": "student_feedback_app.category", "pk": 63, "fields": {"name": "Intellectual Curiosity", "user": 3, "colour": "#F05053", "icon": 7}}, {"model": "student_feedback_app.category", "pk": 64, "fields": {"name": "Intellectual Curiosity", "user": 4, "colour": "#F05053", "icon": 7}}, {"model": "student_feedback_app.category", "pk": 65, "fields": {"name": "Intellectual Curiosity", "user": 5, "colour": "#F05053", "icon": 7}}, {"model": "student_feedback_app.category", "pk": 66, "fields": {"name": "Intellectual Curiosity", "user": 6, "colour": "#F05053", "icon": 7}}, {"model": "student_feedback_app.category", "pk": 67, "fields": {"name": "Intellectual Curiosity", "user": 7, "colour": "#F05053", "icon": 7}}, {"model": "student_feedback_app.category", "pk": 68, "fields": {"name": "Intellectual Curiosity", "user": 8, "colour": "#F05053", "icon": 7}}, {"model": "student_feedback_app.category", "pk": 69, "fields": {"name": "Intellectual Curiosity", "user": 9, "colour": "#F05053", "icon": 7}}, {"model": "student_feedback_app.category", "pk": 70, "fields": {"name": "Intellectual Curiosity", "user": 10, "colour": "#F05053", "icon": 7}}, {"model": "student_feedback_app.category", "pk": 71, "fields": {"name": "General", "user": 1, "colour": "#F9CDAE", "icon": 8}}, {"model": "student_feedback_app.category", "pk": 72, "fields": {"name": "General", "user": 2, "colour": "#F9CDAE", "icon": 8}}, {"model": "student_feedback_app.category", "pk": 73, "fields": {"name": "General", "user": 3, "colour": "#F9CDAE", "icon": 8}}, {"model": "student_feedback_app.category", "pk": 74, "fields": {"name": "General", "user": 4, "colour": "#F9CDAE", "icon": 8}}, {"model": "student_feedback_app.category", "pk": 75, "fields": {"name": "General", "user": 5, "colour": "#F9CDAE", "icon": 8}}, {"model": "student_feedback_app.category", "pk": 76, "fields": {"name": "General", "user": 6, "colour": "#F9CDAE", "icon": 8}}, {"model": "student_feedback_app.category", "pk": 77, "fields": {"name": "General", "user": 7, "colour": "#F9CDAE", "icon": 8}}, {"model": "student_feedback_app.category", "pk": 78, "fields": {"name": "General", "user": 8, "colour": "#F9CDAE", "icon": 8}}, {"model": "student_feedback_app.category", "pk": 79, "fields": {"name": "General", "user": 9, "colour": "#F9CDAE", "icon": 8}}, {"model": "student_feedback_app.category", "pk": 80, "fields": {"name": "General", "user": 10, "colour": "#F9CDAE", "icon": 8}}, {"model": "student_feedback_app.icon", "pk": 1, "fields": {"name": "Active Participation", "image": "attribute_icons/participation.png"}}, {"model": "student_feedback_app.icon", "pk": 2, "fields": {"name": "Quality of Contribution", "image": "attribute_icons/quality.png"}}, {"model": "student_feedback_app.icon", "pk": 3, "fields": {"name": "Co-operation & Communication", "image": "attribute_icons/cooperation.png"}}, {"model": "student_feedback_app.icon", "pk": 4, "fields": {"name": "Critical Thinking & Analysis", "image": "attribute_icons/critical_thinking.png"}}, {"model": "student_feedback_app.icon", "pk": 5, "fields": {"name": "Understanding & Competence", "image": "attribute_icons/understanding.png"}}, {"model": "student_feedback_app.icon", "pk": 6, "fields": {"name": "Hard Work", "image": "attribute_icons/hardwork.png"}}, {"model": "student_feedback_app.icon", "pk": 7, "fields": {"name": "Intellectual Curiosity", "image": "attribute_icons/curiosity.png"}}, {"model": "student_feedback_app.icon", "pk": 8, "fields": {"name": "General", "image": "attribute_icons/general.png"}}, {"model": "student_feedback_app.icon", "pk": 9, "fields": {"name": "Graduation", "image": "attribute_icons/graduation.png"}}, {"model": "student_feedback_app.icon", "pk": 10, "fields": {"name": "Badge", "image": "attribute_icons/badge.png"}}, {"model": "student_feedback_app.icon", "pk": 11, "fields": {"name": "Trophy", "image": "attribute_icons/trophy.png"}}, {"model": "student_feedback_app.icon", "pk": 12, "fields": {"name": "Calculation", "image": "attribute_icons/calculation.png"}}, {"model": "student_feedback_app.icon", "pk": 13, "fields": {"name": "Conference", "image": "attribute_icons/conference.png"}}, {"model": "student_feedback_app.icon", "pk": 14, "fields": {"name": "Studying", "image": "attribute_icons/studying.png"}}, {"model": "student_feedback_app.icon", "pk": 15, "fields": {"name": "Lecture", "image": "attribute_icons/lecture.png"}}, {"model": "student_feedback_app.icon", "pk": 16, "fields": {"name": "Presentation", "image": "attribute_icons/presentation.png"}}, {"model": "student_feedback_app.icon", "pk": 17, "fields": {"name": "Certificate", "image": "attribute_icons/certificate.png"}}, {"model": "student_feedback_app.icon", "pk": 18, "fields": {"name": "Hourglass", "image": "attribute_icons/hourglass.png"}}, {"model": "student_feedback_app.icon", "pk": 19, "fields": {"name": "Target", "image": "attribute_icons/target.png"}}, {"model": "student_feedback_app.icon", "pk": 20, "fields": {"name": "Notebook", "image": "attribute_icons/notebook.png"}}, {"model": "student_feedback_app.message", "pk": 1, "fields": {"category": 1, "text": "Great participation in class", "user": 1}}, {"model": "student_feedback_app.message", "pk": 2, "fields": {"category": 1, "text": "You were really engaged in the discussion", "user": 1}}, {"model": "student_feedback_app.message", "pk": 3, "fields": {"category": 1, "text": "You gave lots of ideas!", "user": 1}}, {"model": "student_feedback_app.message", "pk": 4, "fields": {"category": 1, "text": "You did lots of listening", "user": 1}}, {"model": "student_feedback_app.message", "pk": 5, "fields": {"category": 1, "text": "Would love to hear your ideas more", "user": 1}}, {"model": "student_feedback_app.message", "pk": 6, "fields": {"category": 2, "text": "Great participation in class", "user": 2}}, {"model": "student_feedback_app.message", "pk": 7, "fields": {"category": 2, "text": "You were really engaged in the discussion", "user": 2}}, {"model": "student_feedback_app.message", "pk": 8, "fields": {"category": 2, "text": "You gave lots of ideas!", "user": 2}}, {"model": "student_feedback_app.message", "pk": 9, "fields": {"category": 2, "text": "You did lots of listening", "user": 2}}, {"model": "student_feedback_app.message", "pk": 10, "fields": {"category": 2, "text": "Would love to hear your ideas more", "user": 2}}, {"model": "student_feedback_app.message", "pk": 11, "fields": {"category": 3, "text": "Great participation in class", "user": 3}}, {"model": "student_feedback_app.message", "pk": 12, "fields": {"category": 3, "text": "You were really engaged in the discussion", "user": 3}}, {"model": "student_feedback_app.message", "pk": 13, "fields": {"category": 3, "text": "You gave lots of ideas!", "user": 3}}, {"model": "student_feedback_app.message", "pk": 14, "fields": {"category": 3, "text": "You did lots of listening", "user": 3}}, {"model": "student_feedback_app.message", "pk": 15, "fields": {"category": 3, "text": "Would love to hear your ideas more", "user": 3}}, {"model": "student_feedback_app.message", "pk": 16, "fields": {"category": 4, "text": "Great participation in class", "user": 4}}, {"model": "student_feedback_app.message", "pk": 17, "fields": {"category": 4, "text": "You were really engaged in the discussion", "user": 4}}, {"model": "student_feedback_app.message", "pk": 18, "fields": {"category": 4, "text": "You gave lots of ideas!", "user": 4}}, {"model": "student_feedback_app.message", "pk": 19, "fields": {"category": 4, "text": "You did lots of listening", "user": 4}}, {"model": "student_feedback_app.message", "pk": 20, "fields": {"category": 4, "text": "Would love to hear your ideas more", "user": 4}}, {"model": "student_feedback_app.message", "pk": 21, "fields": {"category": 5, "text": "Great participation in class", "user": 5}}, {"model": "student_feedback_app.message", "pk": 22, "fields": {"category": 5, "text": "You were really engaged in the discussion", "user": 5}}, {"model": "student_feedback_app.message", "pk": 23, "fields": {"category": 5, "text": "You gave lots of ideas!", "user": 5}}, {"model": "student_feedback_app.message", "pk": 24, "fields": {"category": 5, "text": "You did lots of listening", "user": 5}}, {"model": "student_feedback_app.message", "pk": 25, "fields": {"category": 5, "text": "Would love to hear your ideas more", "user": 5}}, {"model": "student_feedback_app.message", "pk": 26, "fields": {"category": 6, "text": "Great participation in class", "user": 6}}, {"model": "student_feedback_app.message", "pk": 27, "fields": {"category": 6, "text": "You were really engaged in the discussion", "user": 6}}, {"model": "student_feedback_app.message", "pk": 28, "fields": {"category": 6, "text": "You gave lots of ideas!", "user": 6}}, {"model": "student_feedback_app.message", "pk": 29, "fields": {"category": 6, "text": "You did lots of listening", "user": 6}}, {"model": "student_feedback_app.message", "pk": 30, "fields": {"category": 6, "text": "Would love to hear your ideas more", "user": 6}}, {"model": "student_feedback_app.message", "pk": 31, "fields": {"category": 7, "text": "Great participation in class", "user": 7}}, {"model": "student_feedback_app.message", "pk": 32, "fields": {"category": 7, "text": "You were really engaged in the discussion", "user": 7}}, {"model": "student_feedback_app.message", "pk": 33, "fields": {"category": 7, "text": "You gave lots of ideas!", "user": 7}}, {"model": "student_feedback_app.message", "pk": 34, "fields": {"category": 7, "text": "You did lots of listening", "user": 7}}, {"model": "student_feedback_app.message", "pk": 35, "fields": {"category": 7, "text": "Would love to hear your ideas more", "user": 7}}, {"model": "student_feedback_app.message", "pk": 36, "fields": {"category": 8, "text": "Great participation in class", "user": 8}}, {"model": "student_feedback_app.message", "pk": 37, "fields": {"category": 8, "text": "You were really engaged in the discussion", "user": 8}}, {"model": "student_feedback_app.message", "pk": 38, "fields": {"category": 8, "text": "You gave lots of ideas!", "user": 8}}, {"model": "student_feedback_app.message", "pk": 39, "fields": {"category": 8, "text": "You did lots of listening", "user": 8}}, {"model": "student_feedback_app.message", "pk": 40, "fields": {"category": 8, "text": "Would love to hear your ideas more", "user": 8}}, {"model": "student_feedback_app.message", "pk": 41, "fields": {"category": 9, "text": "Great participation in class", "user": 9}}, {"model": "student_feedback_app.message", "pk": 42, "fields": {"category": 9, "text": "You were really engaged in the discussion", "user": 9}}, {"model": "student_feedback_app.message", "pk": 43, "fields": {"category": 9, "text": "You gave lots of ideas!", "user": 9}}, {"model": "student_feedback_app.message", "pk": 44, "fields": {"category": 9, "text": "You did lots of listening", "user": 9}}, {"model": "student_feedback_app.message", "pk": 45, "fields": {"category": 9, "text": "Would love to hear your ideas more", "user": 9}}, {"model": "student_feedback_app.message", "pk": 46, "fields": {"category": 10, "text": "Great participation in class", "user": 10}}, {"model": "student_feedback_app.message", "pk": 47, "fields": {"category": 10, "text": "You were really engaged in the discussion", "user": 10}}, {"model": "student_feedback_app.message", "pk": 48, "fields": {"category": 10, "text": "You gave lots of ideas!", "user": 10}}, {"model": "student_feedback_app.message", "pk": 49, "fields": {"category": 10, "text": "You did lots of listening", "user": 10}}, {"model": "student_feedback_app.message", "pk": 50, "fields": {"category": 10, "text": "Would love to hear your ideas more", "user": 10}}, {"model": "student_feedback_app.message", "pk": 51, "fields": {"category": 11, "text": "Marvellous work in discussion!", "user": 1}}, {"model": "student_feedback_app.message", "pk": 52, "fields": {"category": 11, "text": "Great quality contribution", "user": 1}}, {"model": "student_feedback_app.message", "pk": 53, "fields": {"category": 11, "text": "You made an excellent point that showed deep thinking", "user": 1}}, {"model": "student_feedback_app.message", "pk": 54, "fields": {"category": 11, "text": "What a great idea!", "user": 1}}, {"model": "student_feedback_app.message", "pk": 55, "fields": {"category": 11, "text": "You were very reflective", "user": 1}}, {"model": "student_feedback_app.message", "pk": 56, "fields": {"category": 11, "text": "Try to dig deeper into the issue in your discussion", "user": 1}}, {"model": "student_feedback_app.message", "pk": 57, "fields": {"category": 12, "text": "Marvellous work in discussion!", "user": 2}}, {"model": "student_feedback_app.message", "pk": 58, "fields": {"category": 12, "text": "Great quality contribution", "user": 2}}, {"model": "student_feedback_app.message", "pk": 59, "fields": {"category": 12, "text": "You made an excellent point that showed deep thinking", "user": 2}}, {"model": "student_feedback_app.message", "pk": 60, "fields": {"category": 12, "text": "What a great idea!", "user": 2}}, {"model": "student_feedback_app.message", "pk": 61, "fields": {"category": 12, "text": "You were very reflective", "user": 2}}, {"model": "student_feedback_app.message", "pk": 62, "fields": {"category": 12, "text": "Try to dig deeper into the issue in your discussion", "user": 2}}, {"model": "student_feedback_app.message", "pk": 63, "fields": {"category": 13, "text": "Marvellous work in discussion!", "user": 3}}, {"model": "student_feedback_app.message", "pk": 64, "fields": {"category": 13, "text": "Great quality contribution", "user": 3}}, {"model": "student_feedback_app.message", "pk": 65, "fields": {"category": 13, "text": "You made an excellent point that showed deep thinking", "user": 3}}, {"model": "student_feedback_app.message", "pk": 66, "fields": {"category": 13, "text": "What a great idea!", "user": 3}}, {"model": "student_feedback_app.message", "pk": 67, "fields": {"category": 13, "text": "You were very reflective", "user": 3}}, {"model": "student_feedback_app.message", "pk": 68, "fields": {"category": 13, "text": "Try to dig deeper into the issue in your discussion", "user": 3}}, {"model": "student_feedback_app.message", "pk": 69, "fields": {"category": 14, "text": "Marvellous work in discussion!", "user": 4}}, {"model": "student_feedback_app.message", "pk": 70, "fields": {"category": 14, "text": "Great quality contribution", "user": 4}}, {"model": "student_feedback_app.message", "pk": 71, "fields": {"category": 14, "text": "You made an excellent point that showed deep thinking", "user": 4}}, {"model": "student_feedback_app.message", "pk": 72, "fields": {"category": 14, "text": "What a great idea!", "user": 4}}, {"model": "student_feedback_app.message", "pk": 73, "fields": {"category": 14, "text": "You were very reflective", "user": 4}}, {"model": "student_feedback_app.message", "pk": 74, "fields": {"category": 14, "text": "Try to dig deeper into the issue in your discussion", "user": 4}}, {"model": "student_feedback_app.message", "pk": 75, "fields": {"category": 15, "text": "Marvellous work in discussion!", "user": 5}}, {"model": "student_feedback_app.message", "pk": 76, "fields": {"category": 15, "text": "Great quality contribution", "user": 5}}, {"model": "student_feedback_app.message", "pk": 77, "fields": {"category": 15, "text": "You made an excellent point that showed deep thinking", "user": 5}}, {"model": "student_feedback_app.message", "pk": 78, "fields": {"category": 15, "text": "What a great idea!", "user": 5}}, {"model": "student_feedback_app.message", "pk": 79, "fields": {"category": 15, "text": "You were very reflective", "user": 5}}, {"model": "student_feedback_app.message", "pk": 80, "fields": {"category": 15, "text": "Try to dig deeper into the issue in your discussion", "user": 5}}, {"model": "student_feedback_app.message", "pk": 81, "fields": {"category": 16, "text": "Marvellous work in discussion!", "user": 6}}, {"model": "student_feedback_app.message", "pk": 82, "fields": {"category": 16, "text": "Great quality contribution", "user": 6}}, {"model": "student_feedback_app.message", "pk": 83, "fields": {"category": 16, "text": "You made an excellent point that showed deep thinking", "user": 6}}, {"model": "student_feedback_app.message", "pk": 84, "fields": {"category": 16, "text": "What a great idea!", "user": 6}}, {"model": "student_feedback_app.message", "pk": 85, "fields": {"category": 16, "text": "You were very reflective", "user": 6}}, {"model": "student_feedback_app.message", "pk": 86, "fields": {"category": 16, "text": "Try to dig deeper into the issue in your discussion", "user": 6}}, {"model": "student_feedback_app.message", "pk": 87, "fields": {"category": 17, "text": "Marvellous work in discussion!", "user": 7}}, {"model": "student_feedback_app.message", "pk": 88, "fields": {"category": 17, "text": "Great quality contribution", "user": 7}}, {"model": "student_feedback_app.message", "pk": 89, "fields": {"category": 17, "text": "You made an excellent point that showed deep thinking", "user": 7}}, {"model": "student_feedback_app.message", "pk": 90, "fields": {"category": 17, "text": "What a great idea!", "user": 7}}, {"model": "student_feedback_app.message", "pk": 91, "fields": {"category": 17, "text": "You were very reflective", "user": 7}}, {"model": "student_feedback_app.message", "pk": 92, "fields": {"category": 17, "text": "Try to dig deeper into the issue in your discussion", "user": 7}}, {"model": "student_feedback_app.message", "pk": 93, "fields": {"category": 18, "text": "Marvellous work in discussion!", "user": 8}}, {"model": "student_feedback_app.message", "pk": 94, "fields": {"category": 18, "text": "Great quality contribution", "user": 8}}, {"model": "student_feedback_app.message", "pk": 95, "fields": {"category": 18, "text": "You made an excellent point that showed deep thinking", "user": 8}}, {"model": "student_feedback_app.message", "pk": 96, "fields": {"category": 18, "text": "What a great idea!", "user": 8}}, {"model": "student_feedback_app.message", "pk": 97, "fields": {"category": 18, "text": "You were very reflective", "user": 8}}, {"model": "student_feedback_app.message", "pk": 98, "fields": {"category": 18, "text": "Try to dig deeper into the issue in your discussion", "user": 8}}, {"model": "student_feedback_app.message", "pk": 99, "fields": {"category": 19, "text": "Marvellous work in discussion!", "user": 9}}, {"model": "student_feedback_app.message", "pk": 100, "fields": {"category": 19, "text": "Great quality contribution", "user": 9}}, {"model": "student_feedback_app.message", "pk": 101, "fields": {"category": 19, "text": "You made an excellent point that showed deep thinking", "user": 9}}, {"model": "student_feedback_app.message", "pk": 102, "fields": {"category": 19, "text": "What a great idea!", "user": 9}}, {"model": "student_feedback_app.message", "pk": 103, "fields": {"category": 19, "text": "You were very reflective", "user": 9}}, {"model": "student_feedback_app.message", "pk": 104, "fields": {"category": 19, "text": "Try to dig deeper into the issue in your discussion", "user": 9}}, {"model": "student_feedback_app.message", "pk": 105, "fields": {"category": 20, "text": "Marvellous work in discussion!", "user": 10}}, {"model": "student_feedback_app.message", "pk": 106, "fields": {"category": 20, "text": "Great quality contribution", "user": 10}}, {"model": "student_feedback_app.message", "pk": 107, "fields": {"category": 20, "text": "You made an excellent point that showed deep thinking", "user": 10}}, {"model": "student_feedback_app.message", "pk": 108, "fields": {"category": 20, "text": "What a great idea!", "user": 10}}, {"model": "student_feedback_app.message", "pk": 109, "fields": {"category": 20, "text": "You were very reflective", "user": 10}}, {"model": "student_feedback_app.message", "pk": 110, "fields": {"category": 20, "text": "Try to dig deeper into the issue in your discussion", "user": 10}}, {"model": "student_feedback_app.message", "pk": 111, "fields": {"category": 21, "text": "Outstanding teamwork!", "user": 1}}, {"model": "student_feedback_app.message", "pk": 112, "fields": {"category": 21, "text": "You really listened to your classmates!", "user": 1}}, {"model": "student_feedback_app.message", "pk": 113, "fields": {"category": 21, "text": "Kindly helped others", "user": 1}}, {"model": "student_feedback_app.message", "pk": 114, "fields": {"category": 21, "text": "Great leadership in discussions", "user": 1}}, {"model": "student_feedback_app.message", "pk": 115, "fields": {"category": 21, "text": "You communicate really well", "user": 1}}, {"model": "student_feedback_app.message", "pk": 116, "fields": {"category": 21, "text": "Brilliant in expressing your ideas", "user": 1}}, {"model": "student_feedback_app.message", "pk": 117, "fields": {"category": 21, "text": "You bring out the best in others", "user": 1}}, {"model": "student_feedback_app.message", "pk": 118, "fields": {"category": 21, "text": "What a great team!", "user": 1}}, {"model": "student_feedback_app.message", "pk": 119, "fields": {"category": 21, "text": "Make sure you listen to other people", "user": 1}}, {"model": "student_feedback_app.message", "pk": 120, "fields": {"category": 21, "text": "Try to include others\u2019 views in your discussions", "user": 1}}, {"model": "student_feedback_app.message", "pk": 121, "fields": {"category": 22, "text": "Outstanding teamwork!", "user": 2}}, {"model": "student_feedback_app.message", "pk": 122, "fields": {"category": 22, "text": "You really listened to your classmates!", "user": 2}}, {"model": "student_feedback_app.message", "pk": 123, "fields": {"category": 22, "text": "Kindly helped others", "user": 2}}, {"model": "student_feedback_app.message", "pk": 124, "fields": {"category": 22, "text": "Great leadership in discussions", "user": 2}}, {"model": "student_feedback_app.message", "pk": 125, "fields": {"category": 22, "text": "You communicate really well", "user": 2}}, {"model": "student_feedback_app.message", "pk": 126, "fields": {"category": 22, "text": "Brilliant in expressing your ideas", "user": 2}}, {"model": "student_feedback_app.message", "pk": 127, "fields": {"category": 22, "text": "You bring out the best in others", "user": 2}}, {"model": "student_feedback_app.message", "pk": 128, "fields": {"category": 22, "text": "What a great team!", "user": 2}}, {"model": "student_feedback_app.message", "pk": 129, "fields": {"category": 22, "text": "Make sure you listen to other people", "user": 2}}, {"model": "student_feedback_app.message", "pk": 130, "fields": {"category": 22, "text": "Try to include others\u2019 views in your discussions", "user": 2}}, {"model": "student_feedback_app.message", "pk": 131, "fields": {"category": 23, "text": "Outstanding teamwork!", "user": 3}}, {"model": "student_feedback_app.message", "pk": 132, "fields": {"category": 23, "text": "You really listened to your classmates!", "user": 3}}, {"model": "student_feedback_app.message", "pk": 133, "fields": {"category": 23, "text": "Kindly helped others", "user": 3}}, {"model": "student_feedback_app.message", "pk": 134, "fields": {"category": 23, "text": "Great leadership in discussions", "user": 3}}, {"model": "student_feedback_app.message", "pk": 135, "fields": {"category": 23, "text": "You communicate really well", "user": 3}}, {"model": "student_feedback_app.message", "pk": 136, "fields": {"category": 23, "text": "Brilliant in expressing your ideas", "user": 3}}, {"model": "student_feedback_app.message", "pk": 137, "fields": {"category": 23, "text": "You bring out the best in others", "user": 3}}, {"model": "student_feedback_app.message", "pk": 138, "fields": {"category": 23, "text": "What a great team!", "user": 3}}, {"model": "student_feedback_app.message", "pk": 139, "fields": {"category": 23, "text": "Make sure you listen to other people", "user": 3}}, {"model": "student_feedback_app.message", "pk": 140, "fields": {"category": 23, "text": "Try to include others\u2019 views in your discussions", "user": 3}}, {"model": "student_feedback_app.message", "pk": 141, "fields": {"category": 24, "text": "Outstanding teamwork!", "user": 4}}, {"model": "student_feedback_app.message", "pk": 142, "fields": {"category": 24, "text": "You really listened to your classmates!", "user": 4}}, {"model": "student_feedback_app.message", "pk": 143, "fields": {"category": 24, "text": "Kindly helped others", "user": 4}}, {"model": "student_feedback_app.message", "pk": 144, "fields": {"category": 24, "text": "Great leadership in discussions", "user": 4}}, {"model": "student_feedback_app.message", "pk": 145, "fields": {"category": 24, "text": "You communicate really well", "user": 4}}, {"model": "student_feedback_app.message", "pk": 146, "fields": {"category": 24, "text": "Brilliant in expressing your ideas", "user": 4}}, {"model": "student_feedback_app.message", "pk": 147, "fields": {"category": 24, "text": "You bring out the best in others", "user": 4}}, {"model": "student_feedback_app.message", "pk": 148, "fields": {"category": 24, "text": "What a great team!", "user": 4}}, {"model": "student_feedback_app.message", "pk": 149, "fields": {"category": 24, "text": "Make sure you listen to other people", "user": 4}}, {"model": "student_feedback_app.message", "pk": 150, "fields": {"category": 24, "text": "Try to include others\u2019 views in your discussions", "user": 4}}, {"model": "student_feedback_app.message", "pk": 151, "fields": {"category": 25, "text": "Outstanding teamwork!", "user": 5}}, {"model": "student_feedback_app.message", "pk": 152, "fields": {"category": 25, "text": "You really listened to your classmates!", "user": 5}}, {"model": "student_feedback_app.message", "pk": 153, "fields": {"category": 25, "text": "Kindly helped others", "user": 5}}, {"model": "student_feedback_app.message", "pk": 154, "fields": {"category": 25, "text": "Great leadership in discussions", "user": 5}}, {"model": "student_feedback_app.message", "pk": 155, "fields": {"category": 25, "text": "You communicate really well", "user": 5}}, {"model": "student_feedback_app.message", "pk": 156, "fields": {"category": 25, "text": "Brilliant in expressing your ideas", "user": 5}}, {"model": "student_feedback_app.message", "pk": 157, "fields": {"category": 25, "text": "You bring out the best in others", "user": 5}}, {"model": "student_feedback_app.message", "pk": 158, "fields": {"category": 25, "text": "What a great team!", "user": 5}}, {"model": "student_feedback_app.message", "pk": 159, "fields": {"category": 25, "text": "Make sure you listen to other people", "user": 5}}, {"model": "student_feedback_app.message", "pk": 160, "fields": {"category": 25, "text": "Try to include others\u2019 views in your discussions", "user": 5}}, {"model": "student_feedback_app.message", "pk": 161, "fields": {"category": 26, "text": "Outstanding teamwork!", "user": 6}}, {"model": "student_feedback_app.message", "pk": 162, "fields": {"category": 26, "text": "You really listened to your classmates!", "user": 6}}, {"model": "student_feedback_app.message", "pk": 163, "fields": {"category": 26, "text": "Kindly helped others", "user": 6}}, {"model": "student_feedback_app.message", "pk": 164, "fields": {"category": 26, "text": "Great leadership in discussions", "user": 6}}, {"model": "student_feedback_app.message", "pk": 165, "fields": {"category": 26, "text": "You communicate really well", "user": 6}}, {"model": "student_feedback_app.message", "pk": 166, "fields": {"category": 26, "text": "Brilliant in expressing your ideas", "user": 6}}, {"model": "student_feedback_app.message", "pk": 167, "fields": {"category": 26, "text": "You bring out the best in others", "user": 6}}, {"model": "student_feedback_app.message", "pk": 168, "fields": {"category": 26, "text": "What a great team!", "user": 6}}, {"model": "student_feedback_app.message", "pk": 169, "fields": {"category": 26, "text": "Make sure you listen to other people", "user": 6}}, {"model": "student_feedback_app.message", "pk": 170, "fields": {"category": 26, "text": "Try to include others\u2019 views in your discussions", "user": 6}}, {"model": "student_feedback_app.message", "pk": 171, "fields": {"category": 27, "text": "Outstanding teamwork!", "user": 7}}, {"model": "student_feedback_app.message", "pk": 172, "fields": {"category": 27, "text": "You really listened to your classmates!", "user": 7}}, {"model": "student_feedback_app.message", "pk": 173, "fields": {"category": 27, "text": "Kindly helped others", "user": 7}}, {"model": "student_feedback_app.message", "pk": 174, "fields": {"category": 27, "text": "Great leadership in discussions", "user": 7}}, {"model": "student_feedback_app.message", "pk": 175, "fields": {"category": 27, "text": "You communicate really well", "user": 7}}, {"model": "student_feedback_app.message", "pk": 176, "fields": {"category": 27, "text": "Brilliant in expressing your ideas", "user": 7}}, {"model": "student_feedback_app.message", "pk": 177, "fields": {"category": 27, "text": "You bring out the best in others", "user": 7}}, {"model": "student_feedback_app.message", "pk": 178, "fields": {"category": 27, "text": "What a great team!", "user": 7}}, {"model": "student_feedback_app.message", "pk": 179, "fields": {"category": 27, "text": "Make sure you listen to other people", "user": 7}}, {"model": "student_feedback_app.message", "pk": 180, "fields": {"category": 27, "text": "Try to include others\u2019 views in your discussions", "user": 7}}, {"model": "student_feedback_app.message", "pk": 181, "fields": {"category": 28, "text": "Outstanding teamwork!", "user": 8}}, {"model": "student_feedback_app.message", "pk": 182, "fields": {"category": 28, "text": "You really listened to your classmates!", "user": 8}}, {"model": "student_feedback_app.message", "pk": 183, "fields": {"category": 28, "text": "Kindly helped others", "user": 8}}, {"model": "student_feedback_app.message", "pk": 184, "fields": {"category": 28, "text": "Great leadership in discussions", "user": 8}}, {"model": "student_feedback_app.message", "pk": 185, "fields": {"category": 28, "text": "You communicate really well", "user": 8}}, {"model": "student_feedback_app.message", "pk": 186, "fields": {"category": 28, "text": "Brilliant in expressing your ideas", "user": 8}}, {"model": "student_feedback_app.message", "pk": 187, "fields": {"category": 28, "text": "You bring out the best in others", "user": 8}}, {"model": "student_feedback_app.message", "pk": 188, "fields": {"category": 28, "text": "What a great team!", "user": 8}}, {"model": "student_feedback_app.message", "pk": 189, "fields": {"category": 28, "text": "Make sure you listen to other people", "user": 8}}, {"model": "student_feedback_app.message", "pk": 190, "fields": {"category": 28, "text": "Try to include others\u2019 views in your discussions", "user": 8}}, {"model": "student_feedback_app.message", "pk": 191, "fields": {"category": 29, "text": "Outstanding teamwork!", "user": 9}}, {"model": "student_feedback_app.message", "pk": 192, "fields": {"category": 29, "text": "You really listened to your classmates!", "user": 9}}, {"model": "student_feedback_app.message", "pk": 193, "fields": {"category": 29, "text": "Kindly helped others", "user": 9}}, {"model": "student_feedback_app.message", "pk": 194, "fields": {"category": 29, "text": "Great leadership in discussions", "user": 9}}, {"model": "student_feedback_app.message", "pk": 195, "fields": {"category": 29, "text": "You communicate really well", "user": 9}}, {"model": "student_feedback_app.message", "pk": 196, "fields": {"category": 29, "text": "Brilliant in expressing your ideas", "user": 9}}, {"model": "student_feedback_app.message", "pk": 197, "fields": {"category": 29, "text": "You bring out the best in others", "user": 9}}, {"model": "student_feedback_app.message", "pk": 198, "fields": {"category": 29, "text": "What a great team!", "user": 9}}, {"model": "student_feedback_app.message", "pk": 199, "fields": {"category": 29, "text": "Make sure you listen to other people", "user": 9}}, {"model": "student_feedback_app.message", "pk": 200, "fields": {"category": 29, "text": "Try to include others\u2019 views in your discussions", "user": 9}}, {"model": "student_feedback_app.message", "pk": 201, "fields": {"category": 30, "text": "Outstanding teamwork!", "user": 10}}, {"model": "student_feedback_app.message", "pk": 202, "fields": {"category": 30, "text": "You really listened to your classmates!", "user": 10}}, {"model": "student_feedback_app.message", "pk": 203, "fields": {"category": 30, "text": "Kindly helped others", "user": 10}}, {"model": "student_feedback_app.message", "pk": 204, "fields": {"category": 30, "text": "Great leadership in discussions", "user": 10}}, {"model": "student_feedback_app.message", "pk": 205, "fields": {"category": 30, "text": "You communicate really well", "user": 10}}, {"model": "student_feedback_app.message", "pk": 206, "fields": {"category": 30, "text": "Brilliant in expressing your ideas", "user": 10}}, {"model": "student_feedback_app.message", "pk": 207, "fields": {"category": 30, "text": "You bring out the best in others", "user": 10}}, {"model": "student_feedback_app.message", "pk": 208, "fields": {"category": 30, "text": "What a great team!", "user": 10}}, {"model": "student_feedback_app.message", "pk": 209, "fields": {"category": 30, "text": "Make sure you listen to other people", "user": 10}}, {"model": "student_feedback_app.message", "pk": 210, "fields": {"category": 30, "text": "Try to include others\u2019 views in your discussions", "user": 10}}, {"model": "student_feedback_app.message", "pk": 211, "fields": {"category": 31, "text": "You showed great critical reflections", "user": 1}}, {"model": "student_feedback_app.message", "pk": 212, "fields": {"category": 31, "text": "Excellent application of concepts to the real-world!", "user": 1}}, {"model": "student_feedback_app.message", "pk": 213, "fields": {"category": 31, "text": "Good awareness of different perspectives of the topic", "user": 1}}, {"model": "student_feedback_app.message", "pk": 214, "fields": {"category": 31, "text": "Outstanding analysis of the topic", "user": 1}}, {"model": "student_feedback_app.message", "pk": 215, "fields": {"category": 31, "text": "Brilliant analytical skills!", "user": 1}}, {"model": "student_feedback_app.message", "pk": 216, "fields": {"category": 31, "text": "Good use of evidence to inform your thinking", "user": 1}}, {"model": "student_feedback_app.message", "pk": 217, "fields": {"category": 31, "text": "Great synthesis of the literature", "user": 1}}, {"model": "student_feedback_app.message", "pk": 218, "fields": {"category": 31, "text": "Try to engage with wider perspectives on the topic", "user": 1}}, {"model": "student_feedback_app.message", "pk": 219, "fields": {"category": 32, "text": "You showed great critical reflections", "user": 2}}, {"model": "student_feedback_app.message", "pk": 220, "fields": {"category": 32, "text": "Excellent application of concepts to the real-world!", "user": 2}}, {"model": "student_feedback_app.message", "pk": 221, "fields": {"category": 32, "text": "Good awareness of different perspectives of the topic", "user": 2}}, {"model": "student_feedback_app.message", "pk": 222, "fields": {"category": 32, "text": "Outstanding analysis of the topic", "user": 2}}, {"model": "student_feedback_app.message", "pk": 223, "fields": {"category": 32, "text": "Brilliant analytical skills!", "user": 2}}, {"model": "student_feedback_app.message", "pk": 224, "fields": {"category": 32, "text": "Good use of evidence to inform your thinking", "user": 2}}, {"model": "student_feedback_app.message", "pk": 225, "fields": {"category": 32, "text": "Great synthesis of the literature", "user": 2}}, {"model": "student_feedback_app.message", "pk": 226, "fields": {"category": 32, "text": "Try to engage with wider perspectives on the topic", "user": 2}}, {"model": "student_feedback_app.message", "pk": 227, "fields": {"category": 33, "text": "You showed great critical reflections", "user": 3}}, {"model": "student_feedback_app.message", "pk": 228, "fields": {"category": 33, "text": "Excellent application of concepts to the real-world!", "user": 3}}, {"model": "student_feedback_app.message", "pk": 229, "fields": {"category": 33, "text": "Good awareness of different perspectives of the topic", "user": 3}}, {"model": "student_feedback_app.message", "pk": 230, "fields": {"category": 33, "text": "Outstanding analysis of the topic", "user": 3}}, {"model": "student_feedback_app.message", "pk": 231, "fields": {"category": 33, "text": "Brilliant analytical skills!", "user": 3}}, {"model": "student_feedback_app.message", "pk": 232, "fields": {"category": 33, "text": "Good use of evidence to inform your thinking", "user": 3}}, {"model": "student_feedback_app.message", "pk": 233, "fields": {"category": 33, "text": "Great synthesis of the literature", "user": 3}}, {"model": "student_feedback_app.message", "pk": 234, "fields": {"category": 33, "text": "Try to engage with wider perspectives on the topic", "user": 3}}, {"model": "student_feedback_app.message", "pk": 235, "fields": {"category": 34, "text": "You showed great critical reflections", "user": 4}}, {"model": "student_feedback_app.message", "pk": 236, "fields": {"category": 34, "text": "Excellent application of concepts to the real-world!", "user": 4}}, {"model": "student_feedback_app.message", "pk": 237, "fields": {"category": 34, "text": "Good awareness of different perspectives of the topic", "user": 4}}, {"model": "student_feedback_app.message", "pk": 238, "fields": {"category": 34, "text": "Outstanding analysis of the topic", "user": 4}}, {"model": "student_feedback_app.message", "pk": 239, "fields": {"category": 34, "text": "Brilliant analytical skills!", "user": 4}}, {"model": "student_feedback_app.message", "pk": 240, "fields": {"category": 34, "text": "Good use of evidence to inform your thinking", "user": 4}}, {"model": "student_feedback_app.message", "pk": 241, "fields": {"category": 34, "text": "Great synthesis of the literature", "user": 4}}, {"model": "student_feedback_app.message", "pk": 242, "fields": {"category": 34, "text": "Try to engage with wider perspectives on the topic", "user": 4}}, {"model": "student_feedback_app.message", "pk": 243, "fields": {"category": 35, "text": "You showed great critical reflections", "user": 5}}, {"model": "student_feedback_app.message", "pk": 244, "fields": {"category": 35, "text": "Excellent application of concepts to the real-world!", "user": 5}}, {"model": "student_feedback_app.message", "pk": 245, "fields": {"category": 35, "text": "Good awareness of different perspectives of the topic", "user": 5}}, {"model": "student_feedback_app.message", "pk": 246, "fields": {"category": 35, "text": "Outstanding analysis of the topic", "user": 5}}, {"model": "student_feedback_app.message", "pk": 247, "fields": {"category": 35, "text": "Brilliant analytical skills!", "user": 5}}, {"model": "student_feedback_app.message", "pk": 248, "fields": {"category": 35, "text": "Good use of evidence to inform your thinking", "user": 5}}, {"model": "student_feedback_app.message", "pk": 249, "fields": {"category": 35, "text": "Great synthesis of the literature", "user": 5}}, {"model": "student_feedback_app.message", "pk": 250, "fields": {"category": 35, "text": "Try to engage with wider perspectives on the topic", "user": 5}}, {"model": "student_feedback_app.message", "pk": 251, "fields": {"category": 36, "text": "You showed great critical reflections", "user": 6}}, {"model": "student_feedback_app.message", "pk": 252, "fields": {"category": 36, "text": "Excellent application of concepts to the real-world!", "user": 6}}, {"model": "student_feedback_app.message", "pk": 253, "fields": {"category": 36, "text": "Good awareness of different perspectives of the topic", "user": 6}}, {"model": "student_feedback_app.message", "pk": 254, "fields": {"category": 36, "text": "Outstanding analysis of the topic", "user": 6}}, {"model": "student_feedback_app.message", "pk": 255, "fields": {"category": 36, "text": "Brilliant analytical skills!", "user": 6}}, {"model": "student_feedback_app.message", "pk": 256, "fields": {"category": 36, "text": "Good use of evidence to inform your thinking", "user": 6}}, {"model": "student_feedback_app.message", "pk": 257, "fields": {"category": 36, "text": "Great synthesis of the literature", "user": 6}}, {"model": "student_feedback_app.message", "pk": 258, "fields": {"category": 36, "text": "Try to engage with wider perspectives on the topic", "user": 6}}, {"model": "student_feedback_app.message", "pk": 259, "fields": {"category": 37, "text": "You showed great critical reflections", "user": 7}}, {"model": "student_feedback_app.message", "pk": 260, "fields": {"category": 37, "text": "Excellent application of concepts to the real-world!", "user": 7}}, {"model": "student_feedback_app.message", "pk": 261, "fields": {"category": 37, "text": "Good awareness of different perspectives of the topic", "user": 7}}, {"model": "student_feedback_app.message", "pk": 262, "fields": {"category": 37, "text": "Outstanding analysis of the topic", "user": 7}}, {"model": "student_feedback_app.message", "pk": 263, "fields": {"category": 37, "text": "Brilliant analytical skills!", "user": 7}}, {"model": "student_feedback_app.message", "pk": 264, "fields": {"category": 37, "text": "Good use of evidence to inform your thinking", "user": 7}}, {"model": "student_feedback_app.message", "pk": 265, "fields": {"category": 37, "text": "Great synthesis of the literature", "user": 7}}, {"model": "student_feedback_app.message", "pk": 266, "fields": {"category": 37, "text": "Try to engage with wider perspectives on the topic", "user": 7}}, {"model": "student_feedback_app.message", "pk": 267, "fields": {"category": 38, "text": "You showed great critical reflections", "user": 8}}, {"model": "student_feedback_app.message", "pk": 268, "fields": {"category": 38, "text": "Excellent application of concepts to the real-world!", "user": 8}}, {"model": "student_feedback_app.message", "pk": 269, "fields": {"category": 38, "text": "Good awareness of different perspectives of the topic", "user": 8}}, {"model": "student_feedback_app.message", "pk": 270, "fields": {"category": 38, "text": "Outstanding analysis of the topic", "user": 8}}, {"model": "student_feedback_app.message", "pk": 271, "fields": {"category": 38, "text": "Brilliant analytical skills!", "user": 8}}, {"model": "student_feedback_app.message", "pk": 272, "fields": {"category": 38, "text": "Good use of evidence to inform your thinking", "user": 8}}, {"model": "student_feedback_app.message", "pk": 273, "fields": {"category": 38, "text": "Great synthesis of the literature", "user": 8}}, {"model": "student_feedback_app.message", "pk": 274, "fields": {"category": 38, "text": "Try to engage with wider perspectives on the topic", "user": 8}}, {"model": "student_feedback_app.message", "pk": 275, "fields": {"category": 39, "text": "You showed great critical reflections", "user": 9}}, {"model": "student_feedback_app.message", "pk": 276, "fields": {"category": 39, "text": "Excellent application of concepts to the real-world!", "user": 9}}, {"model": "student_feedback_app.message", "pk": 277, "fields": {"category": 39, "text": "Good awareness of different perspectives of the topic", "user": 9}}, {"model": "student_feedback_app.message", "pk": 278, "fields": {"category": 39, "text": "Outstanding analysis of the topic", "user": 9}}, {"model": "student_feedback_app.message", "pk": 279, "fields": {"category": 39, "text": "Brilliant analytical skills!", "user": 9}}, {"model": "student_feedback_app.message", "pk": 280, "fields": {"category": 39, "text": "Good use of evidence to inform your thinking", "user": 9}}, {"model": "student_feedback_app.message", "pk": 281, "fields": {"category": 39, "text": "Great synthesis of the literature", "user": 9}}, {"model": "student_feedback_app.message", "pk": 282, "fields": {"category": 39, "text": "Try to engage with wider perspectives on the topic", "user": 9}}, {"model": "student_feedback_app.message", "pk": 283, "fields": {"category": 40, "text": "You showed great critical reflections", "user": 10}}, {"model": "student_feedback_app.message", "pk": 284, "fields": {"category": 40, "text": "Excellent application of concepts to the real-world!", "user": 10}}, {"model": "student_feedback_app.message", "pk": 285, "fields": {"category": 40, "text": "Good awareness of different perspectives of the topic", "user": 10}}, {"model": "student_feedback_app.message", "pk": 286, "fields": {"category": 40, "text": "Outstanding analysis of the topic", "user": 10}}, {"model": "student_feedback_app.message", "pk": 287, "fields": {"category": 40, "text": "Brilliant analytical skills!", "user": 10}}, {"model": "student_feedback_app.message", "pk": 288, "fields": {"category": 40, "text": "Good use of evidence to inform your thinking", "user": 10}}, {"model": "student_feedback_app.message", "pk": 289, "fields": {"category": 40, "text": "Great synthesis of the literature", "user": 10}}, {"model": "student_feedback_app.message", "pk": 290, "fields": {"category": 40, "text": "Try to engage with wider perspectives on the topic", "user": 10}}, {"model": "student_feedback_app.message", "pk": 291, "fields": {"category": 41, "text": "Impressive understanding of concepts and theories", "user": 1}}, {"model": "student_feedback_app.message", "pk": 292, "fields": {"category": 41, "text": "Excellent understanding of the literature", "user": 1}}, {"model": "student_feedback_app.message", "pk": 293, "fields": {"category": 41, "text": "Very good grasp of key materials", "user": 1}}, {"model": "student_feedback_app.message", "pk": 294, "fields": {"category": 41, "text": "Basic understanding of concepts", "user": 1}}, {"model": "student_feedback_app.message", "pk": 295, "fields": {"category": 41, "text": "Remember to do more readings next class", "user": 1}}, {"model": "student_feedback_app.message", "pk": 296, "fields": {"category": 41, "text": "Make sure you understand the readings better", "user": 1}}, {"model": "student_feedback_app.message", "pk": 297, "fields": {"category": 42, "text": "Impressive understanding of concepts and theories", "user": 2}}, {"model": "student_feedback_app.message", "pk": 298, "fields": {"category": 42, "text": "Excellent understanding of the literature", "user": 2}}, {"model": "student_feedback_app.message", "pk": 299, "fields": {"category": 42, "text": "Very good grasp of key materials", "user": 2}}, {"model": "student_feedback_app.message", "pk": 300, "fields": {"category": 42, "text": "Basic understanding of concepts", "user": 2}}, {"model": "student_feedback_app.message", "pk": 301, "fields": {"category": 42, "text": "Remember to do more readings next class", "user": 2}}, {"model": "student_feedback_app.message", "pk": 302, "fields": {"category": 42, "text": "Make sure you understand the readings better", "user": 2}}, {"model": "student_feedback_app.message", "pk": 303, "fields": {"category": 43, "text": "Impressive understanding of concepts and theories", "user": 3}}, {"model": "student_feedback_app.message", "pk": 304, "fields": {"category": 43, "text": "Excellent understanding of the literature", "user": 3}}, {"model": "student_feedback_app.message", "pk": 305, "fields": {"category": 43, "text": "Very good grasp of key materials", "user": 3}}, {"model": "student_feedback_app.message", "pk": 306, "fields": {"category": 43, "text": "Basic understanding of concepts", "user": 3}}, {"model": "student_feedback_app.message", "pk": 307, "fields": {"category": 43, "text": "Remember to do more readings next class", "user": 3}}, {"model": "student_feedback_app.message", "pk": 308, "fields": {"category": 43, "text": "Make sure you understand the readings better", "user": 3}}, {"model": "student_feedback_app.message", "pk": 309, "fields": {"category": 44, "text": "Impressive understanding of concepts and theories", "user": 4}}, {"model": "student_feedback_app.message", "pk": 310, "fields": {"category": 44, "text": "Excellent understanding of the literature", "user": 4}}, {"model": "student_feedback_app.message", "pk": 311, "fields": {"category": 44, "text": "Very good grasp of key materials", "user": 4}}, {"model": "student_feedback_app.message", "pk": 312, "fields": {"category": 44, "text": "Basic understanding of concepts", "user": 4}}, {"model": "student_feedback_app.message", "pk": 313, "fields": {"category": 44, "text": "Remember to do more readings next class", "user": 4}}, {"model": "student_feedback_app.message", "pk": 314, "fields": {"category": 44, "text": "Make sure you understand the readings better", "user": 4}}, {"model": "student_feedback_app.message", "pk": 315, "fields": {"category": 45, "text": "Impressive understanding of concepts and theories", "user": 5}}, {"model": "student_feedback_app.message", "pk": 316, "fields": {"category": 45, "text": "Excellent understanding of the literature", "user": 5}}, {"model": "student_feedback_app.message", "pk": 317, "fields": {"category": 45, "text": "Very good grasp of key materials", "user": 5}}, {"model": "student_feedback_app.message", "pk": 318, "fields": {"category": 45, "text": "Basic understanding of concepts", "user": 5}}, {"model": "student_feedback_app.message", "pk": 319, "fields": {"category": 45, "text": "Remember to do more readings next class", "user": 5}}, {"model": "student_feedback_app.message", "pk": 320, "fields": {"category": 45, "text": "Make sure you understand the readings better", "user": 5}}, {"model": "student_feedback_app.message", "pk": 321, "fields": {"category": 46, "text": "Impressive understanding of concepts and theories", "user": 6}}, {"model": "student_feedback_app.message", "pk": 322, "fields": {"category": 46, "text": "Excellent understanding of the literature", "user": 6}}, {"model": "student_feedback_app.message", "pk": 323, "fields": {"category": 46, "text": "Very good grasp of key materials", "user": 6}}, {"model": "student_feedback_app.message", "pk": 324, "fields": {"category": 46, "text": "Basic understanding of concepts", "user": 6}}, {"model": "student_feedback_app.message", "pk": 325, "fields": {"category": 46, "text": "Remember to do more readings next class", "user": 6}}, {"model": "student_feedback_app.message", "pk": 326, "fields": {"category": 46, "text": "Make sure you understand the readings better", "user": 6}}, {"model": "student_feedback_app.message", "pk": 327, "fields": {"category": 47, "text": "Impressive understanding of concepts and theories", "user": 7}}, {"model": "student_feedback_app.message", "pk": 328, "fields": {"category": 47, "text": "Excellent understanding of the literature", "user": 7}}, {"model": "student_feedback_app.message", "pk": 329, "fields": {"category": 47, "text": "Very good grasp of key materials", "user": 7}}, {"model": "student_feedback_app.message", "pk": 330, "fields": {"category": 47, "text": "Basic understanding of concepts", "user": 7}}, {"model": "student_feedback_app.message", "pk": 331, "fields": {"category": 47, "text": "Remember to do more readings next class", "user": 7}}, {"model": "student_feedback_app.message", "pk": 332, "fields": {"category": 47, "text": "Make sure you understand the readings better", "user": 7}}, {"model": "student_feedback_app.message", "pk": 333, "fields": {"category": 48, "text": "Impressive understanding of concepts and theories", "user": 8}}, {"model": "student_feedback_app.message", "pk": 334, "fields": {"category": 48, "text": "Excellent understanding of the literature", "user": 8}}, {"model": "student_feedback_app.message", "pk": 335, "fields": {"category": 48, "text": "Very good grasp of key materials", "user": 8}}, {"model": "student_feedback_app.message", "pk": 336, "fields": {"category": 48, "text": "Basic understanding of concepts", "user": 8}}, {"model": "student_feedback_app.message", "pk": 337, "fields": {"category": 48, "text": "Remember to do more readings next class", "user": 8}}, {"model": "student_feedback_app.message", "pk": 338, "fields": {"category": 48, "text": "Make sure you understand the readings better", "user": 8}}, {"model": "student_feedback_app.message", "pk": 339, "fields": {"category": 49, "text": "Impressive understanding of concepts and theories", "user": 9}}, {"model": "student_feedback_app.message", "pk": 340, "fields": {"category": 49, "text": "Excellent understanding of the literature", "user": 9}}, {"model": "student_feedback_app.message", "pk": 341, "fields": {"category": 49, "text": "Very good grasp of key materials", "user": 9}}, {"model": "student_feedback_app.message", "pk": 342, "fields": {"category": 49, "text": "Basic understanding of concepts", "user": 9}}, {"model": "student_feedback_app.message", "pk": 343, "fields": {"category": 49, "text": "Remember to do more readings next class", "user": 9}}, {"model": "student_feedback_app.message", "pk": 344, "fields": {"category": 49, "text": "Make sure you understand the readings better", "user": 9}}, {"model": "student_feedback_app.message", "pk": 345, "fields": {"category": 50, "text": "Impressive understanding of concepts and theories", "user": 10}}, {"model": "student_feedback_app.message", "pk": 346, "fields": {"category": 50, "text": "Excellent understanding of the literature", "user": 10}}, {"model": "student_feedback_app.message", "pk": 347, "fields": {"category": 50, "text": "Very good grasp of key materials", "user": 10}}, {"model": "student_feedback_app.message", "pk": 348, "fields": {"category": 50, "text": "Basic understanding of concepts", "user": 10}}, {"model": "student_feedback_app.message", "pk": 349, "fields": {"category": 50, "text": "Remember to do more readings next class", "user": 10}}, {"model": "student_feedback_app.message", "pk": 350, "fields": {"category": 50, "text": "Make sure you understand the readings better", "user": 10}}, {"model": "student_feedback_app.message", "pk": 351, "fields": {"category": 51, "text": "Always trying your best", "user": 1}}, {"model": "student_feedback_app.message", "pk": 352, "fields": {"category": 51, "text": "Great attitude in class", "user": 1}}, {"model": "student_feedback_app.message", "pk": 353, "fields": {"category": 51, "text": "Awesome improvements and glad to hear more!", "user": 1}}, {"model": "student_feedback_app.message", "pk": 354, "fields": {"category": 51, "text": "Lots of preparation for class", "user": 1}}, {"model": "student_feedback_app.message", "pk": 355, "fields": {"category": 51, "text": "You did lots of readings!", "user": 1}}, {"model": "student_feedback_app.message", "pk": 356, "fields": {"category": 51, "text": "Remember to complete your work next class", "user": 1}}, {"model": "student_feedback_app.message", "pk": 357, "fields": {"category": 52, "text": "Always trying your best", "user": 2}}, {"model": "student_feedback_app.message", "pk": 358, "fields": {"category": 52, "text": "Great attitude in class", "user": 2}}, {"model": "student_feedback_app.message", "pk": 359, "fields": {"category": 52, "text": "Awesome improvements and glad to hear more!", "user": 2}}, {"model": "student_feedback_app.message", "pk": 360, "fields": {"category": 52, "text": "Lots of preparation for class", "user": 2}}, {"model": "student_feedback_app.message", "pk": 361, "fields": {"category": 52, "text": "You did lots of readings!", "user": 2}}, {"model": "student_feedback_app.message", "pk": 362, "fields": {"category": 52, "text": "Remember to complete your work next class", "user": 2}}, {"model": "student_feedback_app.message", "pk": 363, "fields": {"category": 53, "text": "Always trying your best", "user": 3}}, {"model": "student_feedback_app.message", "pk": 364, "fields": {"category": 53, "text": "Great attitude in class", "user": 3}}, {"model": "student_feedback_app.message", "pk": 365, "fields": {"category": 53, "text": "Awesome improvements and glad to hear more!", "user": 3}}, {"model": "student_feedback_app.message", "pk": 366, "fields": {"category": 53, "text": "Lots of preparation for class", "user": 3}}, {"model": "student_feedback_app.message", "pk": 367, "fields": {"category": 53, "text": "You did lots of readings!", "user": 3}}, {"model": "student_feedback_app.message", "pk": 368, "fields": {"category": 53, "text": "Remember to complete your work next class", "user": 3}}, {"model": "student_feedback_app.message", "pk": 369, "fields": {"category": 54, "text": "Always trying your best", "user": 4}}, {"model": "student_feedback_app.message", "pk": 370, "fields": {"category": 54, "text": "Great attitude in class", "user": 4}}, {"model": "student_feedback_app.message", "pk": 371, "fields": {"category": 54, "text": "Awesome improvements and glad to hear more!", "user": 4}}, {"model": "student_feedback_app.message", "pk": 372, "fields": {"category": 54, "text": "Lots of preparation for class", "user": 4}}, {"model": "student_feedback_app.message", "pk": 373, "fields": {"category": 54, "text": "You did lots of readings!", "user": 4}}, {"model": "student_feedback_app.message", "pk": 374, "fields": {"category": 54, "text": "Remember to complete your work next class", "user": 4}}, {"model": "student_feedback_app.message", "pk": 375, "fields": {"category": 55, "text": "Always trying your best", "user": 5}}, {"model": "student_feedback_app.message", "pk": 376, "fields": {"category": 55, "text": "Great attitude in class", "user": 5}}, {"model": "student_feedback_app.message", "pk": 377, "fields": {"category": 55, "text": "Awesome improvements and glad to hear more!", "user": 5}}, {"model": "student_feedback_app.message", "pk": 378, "fields": {"category": 55, "text": "Lots of preparation for class", "user": 5}}, {"model": "student_feedback_app.message", "pk": 379, "fields": {"category": 55, "text": "You did lots of readings!", "user": 5}}, {"model": "student_feedback_app.message", "pk": 380, "fields": {"category": 55, "text": "Remember to complete your work next class", "user": 5}}, {"model": "student_feedback_app.message", "pk": 381, "fields": {"category": 56, "text": "Always trying your best", "user": 6}}, {"model": "student_feedback_app.message", "pk": 382, "fields": {"category": 56, "text": "Great attitude in class", "user": 6}}, {"model": "student_feedback_app.message", "pk": 383, "fields": {"category": 56, "text": "Awesome improvements and glad to hear more!", "user": 6}}, {"model": "student_feedback_app.message", "pk": 384, "fields": {"category": 56, "text": "Lots of preparation for class", "user": 6}}, {"model": "student_feedback_app.message", "pk": 385, "fields": {"category": 56, "text": "You did lots of readings!", "user": 6}}, {"model": "student_feedback_app.message", "pk": 386, "fields": {"category": 56, "text": "Remember to complete your work next class", "user": 6}}, {"model": "student_feedback_app.message", "pk": 387, "fields": {"category": 57, "text": "Always trying your best", "user": 7}}, {"model": "student_feedback_app.message", "pk": 388, "fields": {"category": 57, "text": "Great attitude in class", "user": 7}}, {"model": "student_feedback_app.message", "pk": 389, "fields": {"category": 57, "text": "Awesome improvements and glad to hear more!", "user": 7}}, {"model": "student_feedback_app.message", "pk": 390, "fields": {"category": 57, "text": "Lots of preparation for class", "user": 7}}, {"model": "student_feedback_app.message", "pk": 391, "fields": {"category": 57, "text": "You did lots of readings!", "user": 7}}, {"model": "student_feedback_app.message", "pk": 392, "fields": {"category": 57, "text": "Remember to complete your work next class", "user": 7}}, {"model": "student_feedback_app.message", "pk": 393, "fields": {"category": 58, "text": "Always trying your best", "user": 8}}, {"model": "student_feedback_app.message", "pk": 394, "fields": {"category": 58, "text": "Great attitude in class", "user": 8}}, {"model": "student_feedback_app.message", "pk": 395, "fields": {"category": 58, "text": "Awesome improvements and glad to hear more!", "user": 8}}, {"model": "student_feedback_app.message", "pk": 396, "fields": {"category": 58, "text": "Lots of preparation for class", "user": 8}}, {"model": "student_feedback_app.message", "pk": 397, "fields": {"category": 58, "text": "You did lots of readings!", "user": 8}}, {"model": "student_feedback_app.message", "pk": 398, "fields": {"category": 58, "text": "Remember to complete your work next class", "user": 8}}, {"model": "student_feedback_app.message", "pk": 399, "fields": {"category": 59, "text": "Always trying your best", "user": 9}}, {"model": "student_feedback_app.message", "pk": 400, "fields": {"category": 59, "text": "Great attitude in class", "user": 9}}, {"model": "student_feedback_app.message", "pk": 401, "fields": {"category": 59, "text": "Awesome improvements and glad to hear more!", "user": 9}}, {"model": "student_feedback_app.message", "pk": 402, "fields": {"category": 59, "text": "Lots of preparation for class", "user": 9}}, {"model": "student_feedback_app.message", "pk": 403, "fields": {"category": 59, "text": "You did lots of readings!", "user": 9}}, {"model": "student_feedback_app.message", "pk": 404, "fields": {"category": 59, "text": "Remember to complete your work next class", "user": 9}}, {"model": "student_feedback_app.message", "pk": 405, "fields": {"category": 60, "text": "Always trying your best", "user": 10}}, {"model": "student_feedback_app.message", "pk": 406, "fields": {"category": 60, "text": "Great attitude in class", "user": 10}}, {"model": "student_feedback_app.message", "pk": 407, "fields": {"category": 60, "text": "Awesome improvements and glad to hear more!", "user": 10}}, {"model": "student_feedback_app.message", "pk": 408, "fields": {"category": 60, "text": "Lots of preparation for class", "user": 10}}, {"model": "student_feedback_app.message", "pk": 409, "fields": {"category": 60, "text": "You did lots of readings!", "user": 10}}, {"model": "student_feedback_app.message", "pk": 410, "fields": {"category": 60, "text": "Remember to complete your work next class", "user": 10}}, {"model": "student_feedback_app.message", "pk": 411, "fields": {"category": 61, "text": "You asked a really good question", "user": 1}}, {"model": "student_feedback_app.message", "pk": 412, "fields": {"category": 61, "text": "You are not afraid to challenge and question others\u2019 ideas", "user": 1}}, {"model": "student_feedback_app.message", "pk": 413, "fields": {"category": 61, "text": "You really challenged the status quo", "user": 1}}, {"model": "student_feedback_app.message", "pk": 414, "fields": {"category": 61, "text": "Highly innovative way of thinking", "user": 1}}, {"model": "student_feedback_app.message", "pk": 415, "fields": {"category": 61, "text": "You were very open to new ideas", "user": 1}}, {"model": "student_feedback_app.message", "pk": 416, "fields": {"category": 61, "text": "A very reflective thinker", "user": 1}}, {"model": "student_feedback_app.message", "pk": 417, "fields": {"category": 61, "text": "It\u2019s good to think out of the box sometimes", "user": 1}}, {"model": "student_feedback_app.message", "pk": 418, "fields": {"category": 62, "text": "You asked a really good question", "user": 2}}, {"model": "student_feedback_app.message", "pk": 419, "fields": {"category": 62, "text": "You are not afraid to challenge and question others\u2019 ideas", "user": 2}}, {"model": "student_feedback_app.message", "pk": 420, "fields": {"category": 62, "text": "You really challenged the status quo", "user": 2}}, {"model": "student_feedback_app.message", "pk": 421, "fields": {"category": 62, "text": "Highly innovative way of thinking", "user": 2}}, {"model": "student_feedback_app.message", "pk": 422, "fields": {"category": 62, "text": "You were very open to new ideas", "user": 2}}, {"model": "student_feedback_app.message", "pk": 423, "fields": {"category": 62, "text": "A very reflective thinker", "user": 2}}, {"model": "student_feedback_app.message", "pk": 424, "fields": {"category": 62, "text": "It\u2019s good to think out of the box sometimes", "user": 2}}, {"model": "student_feedback_app.message", "pk": 425, "fields": {"category": 63, "text": "You asked a really good question", "user": 3}}, {"model": "student_feedback_app.message", "pk": 426, "fields": {"category": 63, "text": "You are not afraid to challenge and question others\u2019 ideas", "user": 3}}, {"model": "student_feedback_app.message", "pk": 427, "fields": {"category": 63, "text": "You really challenged the status quo", "user": 3}}, {"model": "student_feedback_app.message", "pk": 428, "fields": {"category": 63, "text": "Highly innovative way of thinking", "user": 3}}, {"model": "student_feedback_app.message", "pk": 429, "fields": {"category": 63, "text": "You were very open to new ideas", "user": 3}}, {"model": "student_feedback_app.message", "pk": 430, "fields": {"category": 63, "text": "A very reflective thinker", "user": 3}}, {"model": "student_feedback_app.message", "pk": 431, "fields": {"category": 63, "text": "It\u2019s good to think out of the box sometimes", "user": 3}}, {"model": "student_feedback_app.message", "pk": 432, "fields": {"category": 64, "text": "You asked a really good question", "user": 4}}, {"model": "student_feedback_app.message", "pk": 433, "fields": {"category": 64, "text": "You are not afraid to challenge and question others\u2019 ideas", "user": 4}}, {"model": "student_feedback_app.message", "pk": 434, "fields": {"category": 64, "text": "You really challenged the status quo", "user": 4}}, {"model": "student_feedback_app.message", "pk": 435, "fields": {"category": 64, "text": "Highly innovative way of thinking", "user": 4}}, {"model": "student_feedback_app.message", "pk": 436, "fields": {"category": 64, "text": "You were very open to new ideas", "user": 4}}, {"model": "student_feedback_app.message", "pk": 437, "fields": {"category": 64, "text": "A very reflective thinker", "user": 4}}, {"model": "student_feedback_app.message", "pk": 438, "fields": {"category": 64, "text": "It\u2019s good to think out of the box sometimes", "user": 4}}, {"model": "student_feedback_app.message", "pk": 439, "fields": {"category": 65, "text": "You asked a really good question", "user": 5}}, {"model": "student_feedback_app.message", "pk": 440, "fields": {"category": 65, "text": "You are not afraid to challenge and question others\u2019 ideas", "user": 5}}, {"model": "student_feedback_app.message", "pk": 441, "fields": {"category": 65, "text": "You really challenged the status quo", "user": 5}}, {"model": "student_feedback_app.message", "pk": 442, "fields": {"category": 65, "text": "Highly innovative way of thinking", "user": 5}}, {"model": "student_feedback_app.message", "pk": 443, "fields": {"category": 65, "text": "You were very open to new ideas", "user": 5}}, {"model": "student_feedback_app.message", "pk": 444, "fields": {"category": 65, "text": "A very reflective thinker", "user": 5}}, {"model": "student_feedback_app.message", "pk": 445, "fields": {"category": 65, "text": "It\u2019s good to think out of the box sometimes", "user": 5}}, {"model": "student_feedback_app.message", "pk": 446, "fields": {"category": 66, "text": "You asked a really good question", "user": 6}}, {"model": "student_feedback_app.message", "pk": 447, "fields": {"category": 66, "text": "You are not afraid to challenge and question others\u2019 ideas", "user": 6}}, {"model": "student_feedback_app.message", "pk": 448, "fields": {"category": 66, "text": "You really challenged the status quo", "user": 6}}, {"model": "student_feedback_app.message", "pk": 449, "fields": {"category": 66, "text": "Highly innovative way of thinking", "user": 6}}, {"model": "student_feedback_app.message", "pk": 450, "fields": {"category": 66, "text": "You were very open to new ideas", "user": 6}}, {"model": "student_feedback_app.message", "pk": 451, "fields": {"category": 66, "text": "A very reflective thinker", "user": 6}}, {"model": "student_feedback_app.message", "pk": 452, "fields": {"category": 66, "text": "It\u2019s good to think out of the box sometimes", "user": 6}}, {"model": "student_feedback_app.message", "pk": 453, "fields": {"category": 67, "text": "You asked a really good question", "user": 7}}, {"model": "student_feedback_app.message", "pk": 454, "fields": {"category": 67, "text": "You are not afraid to challenge and question others\u2019 ideas", "user": 7}}, {"model": "student_feedback_app.message", "pk": 455, "fields": {"category": 67, "text": "You really challenged the status quo", "user": 7}}, {"model": "student_feedback_app.message", "pk": 456, "fields": {"category": 67, "text": "Highly innovative way of thinking", "user": 7}}, {"model": "student_feedback_app.message", "pk": 457, "fields": {"category": 67, "text": "You were very open to new ideas", "user": 7}}, {"model": "student_feedback_app.message", "pk": 458, "fields": {"category": 67, "text": "A very reflective thinker", "user": 7}}, {"model": "student_feedback_app.message", "pk": 459, "fields": {"category": 67, "text": "It\u2019s good to think out of the box sometimes", "user": 7}}, {"model": "student_feedback_app.message", "pk": 460, "fields": {"category": 68, "text": "You asked a really good question", "user": 8}}, {"model": "student_feedback_app.message", "pk": 461, "fields": {"category": 68, "text": "You are not afraid to challenge and question others\u2019 ideas", "user": 8}}, {"model": "student_feedback_app.message", "pk": 462, "fields": {"category": 68, "text": "You really challenged the status quo", "user": 8}}, {"model": "student_feedback_app.message", "pk": 463, "fields": {"category": 68, "text": "Highly innovative way of thinking", "user": 8}}, {"model": "student_feedback_app.message", "pk": 464, "fields": {"category": 68, "text": "You were very open to new ideas", "user": 8}}, {"model": "student_feedback_app.message", "pk": 465, "fields": {"category": 68, "text": "A very reflective thinker", "user": 8}}, {"model": "student_feedback_app.message", "pk": 466, "fields": {"category": 68, "text": "It\u2019s good to think out of the box sometimes", "user": 8}}, {"model": "student_feedback_app.message", "pk": 467, "fields": {"category": 69, "text": "You asked a really good question", "user": 9}}, {"model": "student_feedback_app.message", "pk": 468, "fields": {"category": 69, "text": "You are not afraid to challenge and question others\u2019 ideas", "user": 9}}, {"model": "student_feedback_app.message", "pk": 469, "fields": {"category": 69, "text": "You really challenged the status quo", "user": 9}}, {"model": "student_feedback_app.message", "pk": 470, "fields": {"category": 69, "text": "Highly innovative way of thinking", "user": 9}}, {"model": "student_feedback_app.message", "pk": 471, "fields": {"category": 69, "text": "You were very open to new ideas", "user": 9}}, {"model": "student_feedback_app.message", "pk": 472, "fields": {"category": 69, "text": "A very reflective thinker", "user": 9}}, {"model": "student_feedback_app.message", "pk": 473, "fields": {"category": 69, "text": "It\u2019s good to think out of the box sometimes", "user": 9}}, {"model": "student_feedback_app.message", "pk": 474, "fields": {"category": 70, "text": "You asked a really good question", "user": 10}}, {"model": "student_feedback_app.message", "pk": 475, "fields": {"category": 70, "text": "You are not afraid to challenge and question others\u2019 ideas", "user": 10}}, {"model": "student_feedback_app.message", "pk": 476, "fields": {"category": 70, "text": "You really challenged the status quo", "user": 10}}, {"model": "student_feedback_app.message", "pk": 477, "fields": {"category": 70, "text": "Highly innovative way of thinking", "user": 10}}, {"model": "student_feedback_app.message", "pk": 478, "fields": {"category": 70, "text": "You were very open to new ideas", "user": 10}}, {"model": "student_feedback_app.message", "pk": 479, "fields": {"category": 70, "text": "A very reflective thinker", "user": 10}}, {"model": "student_feedback_app.message", "pk": 480, "fields": {"category": 70, "text": "It\u2019s good to think out of the box sometimes", "user": 10}}, {"model": "student_feedback_app.message", "pk": 481, "fields": {"category": 71, "text": "Welcome to the class!", "user": 1}}, {"model": "student_feedback_app.message", "pk": 482, "fields": {"category": 71, "text": "Remember to give feedback to other students and lecturers!", "user": 1}}, {"model": "student_feedback_app.message", "pk": 483, "fields": {"category": 71, "text": "Thank you for your feedback", "user": 1}}, {"model": "student_feedback_app.message", "pk": 484, "fields": {"category": 71, "text": "Thank you for your help!", "user": 1}}, {"model": "student_feedback_app.message", "pk": 485, "fields": {"category": 72, "text": "Welcome to the class!", "user": 2}}, {"model": "student_feedback_app.message", "pk": 486, "fields": {"category": 72, "text": "Remember to give feedback to other students and lecturers!", "user": 2}}, {"model": "student_feedback_app.message", "pk": 487, "fields": {"category": 72, "text": "Thank you for your feedback", "user": 2}}, {"model": "student_feedback_app.message", "pk": 488, "fields": {"category": 72, "text": "Thank you for your help!", "user": 2}}, {"model": "student_feedback_app.message", "pk": 489, "fields": {"category": 73, "text": "Welcome to the class!", "user": 3}}, {"model": "student_feedback_app.message", "pk": 490, "fields": {"category": 73, "text": "Remember to give feedback to other students and lecturers!", "user": 3}}, {"model": "student_feedback_app.message", "pk": 491, "fields": {"category": 73, "text": "Thank you for your feedback", "user": 3}}, {"model": "student_feedback_app.message", "pk": 492, "fields": {"category": 73, "text": "Thank you for your help!", "user": 3}}, {"model": "student_feedback_app.message", "pk": 493, "fields": {"category": 74, "text": "Welcome to the class!", "user": 4}}, {"model": "student_feedback_app.message", "pk": 494, "fields": {"category": 74, "text": "Remember to give feedback to other students and lecturers!", "user": 4}}, {"model": "student_feedback_app.message", "pk": 495, "fields": {"category": 74, "text": "Thank you for your feedback", "user": 4}}, {"model": "student_feedback_app.message", "pk": 496, "fields": {"category": 74, "text": "Thank you for your help!", "user": 4}}, {"model": "student_feedback_app.message", "pk": 497, "fields": {"category": 75, "text": "Welcome to the class!", "user": 5}}, {"model": "student_feedback_app.message", "pk": 498, "fields": {"category": 75, "text": "Remember to give feedback to other students and lecturers!", "user": 5}}, {"model": "student_feedback_app.message", "pk": 499, "fields": {"category": 75, "text": "Thank you for your feedback", "user": 5}}, {"model": "student_feedback_app.message", "pk": 500, "fields": {"category": 75, "text": "Thank you for your help!", "user": 5}}, {"model": "student_feedback_app.message", "pk": 501, "fields": {"category": 76, "text": "Welcome to the class!", "user": 6}}, {"model": "student_feedback_app.message", "pk": 502, "fields": {"category": 76, "text": "Remember to give feedback to other students and lecturers!", "user": 6}}, {"model": "student_feedback_app.message", "pk": 503, "fields": {"category": 76, "text": "Thank you for your feedback", "user": 6}}, {"model": "student_feedback_app.message", "pk": 504, "fields": {"category": 76, "text": "Thank you for your help!", "user": 6}}, {"model": "student_feedback_app.message", "pk": 505, "fields": {"category": 77, "text": "Welcome to the class!", "user": 7}}, {"model": "student_feedback_app.message", "pk": 506, "fields": {"category": 77, "text": "Remember to give feedback to other students and lecturers!", "user": 7}}, {"model": "student_feedback_app.message", "pk": 507, "fields": {"category": 77, "text": "Thank you for your feedback", "user": 7}}, {"model": "student_feedback_app.message", "pk": 508, "fields": {"category": 77, "text": "Thank you for your help!", "user": 7}}, {"model": "student_feedback_app.message", "pk": 509, "fields": {"category": 78, "text": "Welcome to the class!", "user": 8}}, {"model": "student_feedback_app.message", "pk": 510, "fields": {"category": 78, "text": "Remember to give feedback to other students and lecturers!", "user": 8}}, {"model": "student_feedback_app.message", "pk": 511, "fields": {"category": 78, "text": "Thank you for your feedback", "user": 8}}, {"model": "student_feedback_app.message", "pk": 512, "fields": {"category": 78, "text": "Thank you for your help!", "user": 8}}, {"model": "student_feedback_app.message", "pk": 513, "fields": {"category": 79, "text": "Welcome to the class!", "user": 9}}, {"model": "student_feedback_app.message", "pk": 514, "fields": {"category": 79, "text": "Remember to give feedback to other students and lecturers!", "user": 9}}, {"model": "student_feedback_app.message", "pk": 515, "fields": {"category": 79, "text": "Thank you for your feedback", "user": 9}}, {"model": "student_feedback_app.message", "pk": 516, "fields": {"category": 79, "text": "Thank you for your help!", "user": 9}}, {"model": "student_feedback_app.message", "pk": 517, "fields": {"category": 80, "text": "Welcome to the class!", "user": 10}}, {"model": "student_feedback_app.message", "pk": 518, "fields": {"category": 80, "text": "Remember to give feedback to other students and lecturers!", "user": 10}}, {"model": "student_feedback_app.message", "pk": 519, "fields": {"category": 80, "text": "Thank you for your feedback", "user": 10}}, {"model": "student_feedback_app.message", "pk": 520, "fields": {"category": 80, "text": "Thank you for your help!", "user": 10}}]
