[{"model": "student_feedback_app.user", "pk": 1, "fields": {"password": "pbkdf2_sha256$120000$Fai1LYGOiN8Y$35tkgXlif/s87cmb0vJ7+yBLAtUh2PdK3yKzyc73IiU=", "last_login": null, "is_superuser": false, "first_name": "", "last_name": "", "email": "sarah_fields@student.gla.ac.uk", "is_staff": false, "date_joined": "2019-02-13T12:22:23.803Z", "slug": "sarah-fields", "profile_picture": "profile_pictures/default_image.jpg", "id_number": "1402789", "username": "Sarah Fields", "is_student": true, "is_lecturer": false, "degree": "Degree not specified", "bio": "Biography not specified", "is_active": true, "groups": [], "user_permissions": []}}, {"model": "student_feedback_app.user", "pk": 2, "fields": {"password": "pbkdf2_sha256$120000$nfjw6kJoRZrE$Y/uleMLqQqjPndqrUkP3o2nGuetjm9UD71O+4y+x8+I=", "last_login": null, "is_superuser": false, "first_name": "", "last_name": "", "email": "james_smith@student.gla.ac.uk", "is_staff": false, "date_joined": "2019-02-13T12:22:25.886Z", "slug": "james-smith", "profile_picture": "profile_pictures/default_image.jpg", "id_number": "1402001", "username": "James Smith", "is_student": true, "is_lecturer": false, "degree": "Degree not specified", "bio": "Biography not specified", "is_active": true, "groups": [], "user_permissions": []}}, {"model": "student_feedback_app.user", "pk": 3, "fields": {"password": "pbkdf2_sha256$120000$dfl08ypscKZz$a3O5JQOm/HPzv/axcIcmTmUqWxQ1Uxgx9OwOBVDGs3U=", "last_login": null, "is_superuser": false, "first_name": "", "last_name": "", "email": "sophie_clover@student.gla.ac.uk", "is_staff": false, "date_joined": "2019-02-13T12:22:27.397Z", "slug": "sophie-clover", "profile_picture": "profile_pictures/default_image.jpg", "id_number": "1403389", "username": "Sophie Clover", "is_student": true, "is_lecturer": false, "degree": "Degree not specified", "bio": "Biography not specified", "is_active": true, "groups": [], "user_permissions": []}}, {"model": "student_feedback_app.user", "pk": 4, "fields": {"password": "pbkdf2_sha256$120000$zROsNfeuKFXa$6ycIRDM4O9bxu1MYXZiwgT21+FGPwXc2/0MUZkDqZKE=", "last_login": null, "is_superuser": false, "first_name": "", "last_name": "", "email": "jake_white@student.gla.ac.uk", "is_staff": false, "date_joined": "2019-02-13T12:22:28.413Z", "slug": "jake-white", "profile_picture": "profile_pictures/default_image.jpg", "id_number": "002489", "username": "Jake White", "is_student": true, "is_lecturer": false, "degree": "Degree not specified", "bio": "Biography not specified", "is_active": true, "groups": [], "user_permissions": []}}, {"model": "student_feedback_app.user", "pk": 5, "fields": {"password": "pbkdf2_sha256$120000$oPxDgZi81KEi$Jz5roIvTakvo8n4uR5urUB1NO6kDTzRbuF/3C8Xtsuc=", "last_login": null, "is_superuser": false, "first_name": "", "last_name": "", "email": "jane_mitchell@student.gla.ac.uk", "is_staff": false, "date_joined": "2019-02-13T12:22:29.442Z", "slug": "jane-mitchell", "profile_picture": "profile_pictures/default_image.jpg", "id_number": "1402781", "username": "Jane Mitchell", "is_student": true, "is_lecturer": false, "degree": "Degree not specified", "bio": "Biography not specified", "is_active": true, "groups": [], "user_permissions": []}}, {"model": "student_feedback_app.user", "pk": 6, "fields": {"password": "pbkdf2_sha256$120000$CIfRUkKqeDdO$jf9n3uSabkvhTD4cbhiMvvbEN3aeEeygTJ7dsVbN9GA=", "last_login": null, "is_superuser": false, "first_name": "", "last_name": "", "email": "wulfric_gwenda@student.gla.ac.uk", "is_staff": false, "date_joined": "2019-02-13T12:22:30.942Z", "slug": "wulfric-gwenda", "profile_picture": "profile_pictures/default_image.jpg", "id_number": "14021382", "username": "Wulfric Gwenda", "is_student": true, "is_lecturer": false, "degree": "Degree not specified", "bio": "Biography not specified", "is_active": true, "groups": [], "user_permissions": []}}, {"model": "student_feedback_app.user", "pk": 7, "fields": {"password": "pbkdf2_sha256$120000$jnygpsA8zmDl$PKEj/q7POcQ/+IDRdXx/bvEzAzds+mUdxYWBZoqQnRQ=", "last_login": null, "is_superuser": false, "first_name": "", "last_name": "", "email": "ralph_merthin@student.gla.ac.uk", "is_staff": false, "date_joined": "2019-02-13T12:22:31.958Z", "slug": "ralph-merthin", "profile_picture": "profile_pictures/default_image.jpg", "id_number": "8352781", "username": "Ralph Merthin", "is_student": true, "is_lecturer": false, "degree": "Degree not specified", "bio": "Biography not specified", "is_active": true, "groups": [], "user_permissions": []}}, {"model": "student_feedback_app.user", "pk": 8, "fields": {"password": "pbkdf2_sha256$120000$TkxK9uWL76Ro$yzhR8sVQolRsO9XYT8kchp25whv5HY2aHwgSqRn0Zys=", "last_login": null, "is_superuser": false, "first_name": "", "last_name": "", "email": "thomas_langley@student.gla.ac.uk", "is_staff": false, "date_joined": "2019-02-13T12:22:33.538Z", "slug": "thomas-langley", "profile_picture": "profile_pictures/default_image.jpg", "id_number": "1439181", "username": "Thomas Langley", "is_student": true, "is_lecturer": false, "degree": "Degree not specified", "bio": "Biography not specified", "is_active": true, "groups": [], "user_permissions": []}}, {"model": "student_feedback_app.user", "pk": 9, "fields": {"password": "pbkdf2_sha256$120000$S8261uxvKrmm$ws91Kp6e8kCSace/VsRybsEFrC5/HikDVzMUAd5itJ4=", "last_login": "2019-02-13T12:27:01.578Z", "is_superuser": false, "first_name": "", "last_name": "", "email": "scott_roy@glasgow.ac.uk", "is_staff": false, "date_joined": "2019-02-13T12:22:35.050Z", "slug": "prof-roy", "profile_picture": "profile_pictures/default_image.jpg", "id_number": "00001", "username": "Prof. Roy", "is_student": false, "is_lecturer": true, "degree": "Degree not specified", "bio": "Biography not specified", "is_active": true, "groups": [], "user_permissions": []}}, {"model": "student_feedback_app.user", "pk": 10, "fields": {"password": "pbkdf2_sha256$120000$ho4Z6OFuqckX$fJn0M1Uv+Mzen38LHgr0xLRTsVaYp2KevbWHJOBzClc=", "last_login": null, "is_superuser": false, "first_name": "", "last_name": "", "email": "callum_cossar@glasgow.ac.uk", "is_staff": false, "date_joined": "2019-02-13T12:22:36.601Z", "slug": "dr-cossar", "profile_picture": "profile_pictures/default_image.jpg", "id_number": "00002", "username": "Dr. Cossar", "is_student": false, "is_lecturer": true, "degree": "Degree not specified", "bio": "Biography not specified", "is_active": true, "groups": [], "user_permissions": []}}, {"model": "student_feedback_app.studentprofile", "pk": 1, "fields": {"score": 8, "courses": ["ARH01", "MAT1Q", "POL01"]}}, {"model": "student_feedback_app.studentprofile", "pk": 2, "fields": {"score": 34, "courses": ["ARH01", "MAT1Q"]}}, {"model": "student_feedback_app.studentprofile", "pk": 3, "fields": {"score": 0, "courses": ["MAT1Q"]}}, {"model": "student_feedback_app.studentprofile", "pk": 4, "fields": {"score": 5, "courses": ["ARH01"]}}, {"model": "student_feedback_app.studentprofile", "pk": 5, "fields": {"score": 13, "courses": ["ARH01", "POL01"]}}, {"model": "student_feedback_app.studentprofile", "pk": 6, "fields": {"score": 40, "courses": ["POL01"]}}, {"model": "student_feedback_app.studentprofile", "pk": 7, "fields": {"score": 7, "courses": ["MAT1Q", "POL01"]}}, {"model": "student_feedback_app.studentprofile", "pk": 8, "fields": {"score": 18, "courses": ["ARH01", "MAT1Q"]}}, {"model": "student_feedback_app.studentprofile", "pk": 9, "fields": {"score": 0, "courses": []}}, {"model": "student_feedback_app.studentprofile", "pk": 10, "fields": {"score": 0, "courses": []}}, {"model": "student_feedback_app.course", "pk": "ARH01", "fields": {"subject": "ArtHistory01", "course_description": "A history of art between Middle Ages and High Renaissance periods", "subject_slug": "arh01", "course_token": "ARH0199LA", "students": [1, 2, 4, 5, 8], "lecturers": [9]}}, {"model": "student_feedback_app.course", "pk": "MAT1Q", "fields": {"subject": "Maths1Q", "course_description": "A base look at mathematical functions in the real world", "subject_slug": "mat1q", "course_token": "MAT1QN2QA", "students": [1, 2, 3, 7, 8], "lecturers": [10]}}, {"model": "student_feedback_app.course", "pk": "POL01", "fields": {"subject": "Polish01", "course_description": "An introductory class on the polish language", "subject_slug": "pol01", "course_token": "POL0166ZE", "students": [1, 5, 6, 7], "lecturers": [9]}}, {"model": "student_feedback_app.lecturerprofile", "pk": 9, "fields": {"courses": ["ARH01", "POL01"]}}, {"model": "student_feedback_app.lecturerprofile", "pk": 10, "fields": {"courses": ["MAT1Q"]}}, {"model": "student_feedback_app.feedback", "pk": 1, "fields": {"date_given": "2019-02-13T12:23:02.835Z", "pre_defined_message": "Great participation in class", "points": 4, "from_user": 10, "student": 1, "which_course": "MAT1Q", "datetime_given": "2019-02-13T12:23:02.835Z", "optional_message": "", "category": "Active Participation"}}, {"model": "student_feedback_app.feedback", "pk": 2, "fields": {"date_given": "2019-02-13T12:23:03.318Z", "pre_defined_message": "Outstanding teamwork!", "points": 3, "from_user": 10, "student": 2, "which_course": "MAT1Q", "datetime_given": "2019-02-13T12:23:03.318Z", "optional_message": "I noticed how you helped Jane complete her work.", "category": "Co-operation & Communication"}}, {"model": "student_feedback_app.feedback", "pk": 3, "fields": {"date_given": "2019-02-13T12:23:03.767Z", "pre_defined_message": "Brilliant analytical skills!", "points": 5, "from_user": 9, "student": 2, "which_course": "MAT1Q", "datetime_given": "2019-02-13T12:23:03.767Z", "optional_message": "", "category": "Critical Thinking & Analysis"}}, {"model": "student_feedback_app.feedback", "pk": 4, "fields": {"date_given": "2019-02-13T12:23:04.207Z", "pre_defined_message": "You were really engaged in the discussion", "points": 3, "from_user": 10, "student": 2, "which_course": "MAT1Q", "datetime_given": "2019-02-13T12:23:04.207Z", "optional_message": "", "category": "Active Participation"}}, {"model": "student_feedback_app.feedback", "pk": 5, "fields": {"date_given": "2019-02-13T12:23:04.647Z", "pre_defined_message": "Would love to hear your ideas more", "points": 5, "from_user": 9, "student": 5, "which_course": "ARH01", "datetime_given": "2019-02-13T12:23:04.647Z", "optional_message": "Feel free to drop by my office.", "category": "Active Participation"}}, {"model": "student_feedback_app.feedback", "pk": 6, "fields": {"date_given": "2019-02-13T12:23:05.151Z", "pre_defined_message": "Thank you for your help!", "points": 5, "from_user": 1, "student": 4, "which_course": "ARH01", "datetime_given": "2019-02-13T12:23:05.151Z", "optional_message": "", "category": "General"}}, {"model": "student_feedback_app.feedback", "pk": 7, "fields": {"date_given": "2019-02-13T12:23:05.696Z", "pre_defined_message": "You were very open to new ideas", "points": 5, "from_user": 9, "student": 2, "which_course": "MAT1Q", "datetime_given": "2019-02-13T12:23:05.696Z", "optional_message": "", "category": "Intellectual Curiosity"}}, {"model": "student_feedback_app.feedback", "pk": 8, "fields": {"date_given": "2019-02-13T12:23:06.164Z", "pre_defined_message": "Basic understanding of concepts", "points": 1, "from_user": 9, "student": 2, "which_course": "MAT1Q", "datetime_given": "2019-02-13T12:23:06.164Z", "optional_message": "", "category": "Understanding & Competence"}}, {"model": "student_feedback_app.feedback", "pk": 9, "fields": {"date_given": "2019-02-13T12:23:06.597Z", "pre_defined_message": "Try to include others\u2019 views in your discussions", "points": 4, "from_user": 9, "student": 2, "which_course": "MAT1Q", "datetime_given": "2019-02-13T12:23:06.597Z", "optional_message": "", "category": "Co-operation & Communication"}}, {"model": "student_feedback_app.feedback", "pk": 10, "fields": {"date_given": "2019-02-13T12:23:07.047Z", "pre_defined_message": "You communicate really well", "points": 4, "from_user": 9, "student": 2, "which_course": "MAT1Q", "datetime_given": "2019-02-13T12:23:07.047Z", "optional_message": "", "category": "Co-operation & Communication"}}, {"model": "student_feedback_app.feedback", "pk": 11, "fields": {"date_given": "2019-02-13T12:23:07.480Z", "pre_defined_message": "Kindly helped others", "points": 4, "from_user": 2, "student": 1, "which_course": "MAT1Q", "datetime_given": "2019-02-13T12:23:07.480Z", "optional_message": "", "category": "Co-operation & Communication"}}, {"model": "student_feedback_app.feedback", "pk": 12, "fields": {"date_given": "2019-02-13T12:23:07.897Z", "pre_defined_message": "Try to dig deeper into the issue in your discussion", "points": 3, "from_user": 2, "student": 5, "which_course": "MAT1Q", "datetime_given": "2019-02-13T12:23:07.897Z", "optional_message": "", "category": "Quality of Contribution"}}, {"model": "student_feedback_app.feedback", "pk": 13, "fields": {"date_given": "2019-02-13T12:23:08.392Z", "pre_defined_message": "You made an excellent point that showed deep thinking", "points": 2, "from_user": 2, "student": 8, "which_course": "MAT1Q", "datetime_given": "2019-02-13T12:23:08.392Z", "optional_message": "", "category": "Quality of Contribution"}}, {"model": "student_feedback_app.feedback", "pk": 14, "fields": {"date_given": "2019-02-13T12:23:08.873Z", "pre_defined_message": "What a great idea!", "points": 3, "from_user": 2, "student": 7, "which_course": "MAT1Q", "datetime_given": "2019-02-13T12:23:08.873Z", "optional_message": "", "category": "Quality of Contribution"}}, {"model": "student_feedback_app.feedback", "pk": 15, "fields": {"date_given": "2019-02-13T12:23:09.339Z", "pre_defined_message": "You asked a really good question", "points": 5, "from_user": 2, "student": 5, "which_course": "MAT1Q", "datetime_given": "2019-02-13T12:23:09.339Z", "optional_message": "", "category": "Intellectual Curiosity"}}, {"model": "student_feedback_app.feedback", "pk": 16, "fields": {"date_given": "2019-02-13T12:23:09.790Z", "pre_defined_message": "You are not afraid to challenge and question others\u2019 ideas", "points": 2, "from_user": 9, "student": 2, "which_course": "MAT1Q", "datetime_given": "2019-02-13T12:23:09.790Z", "optional_message": "", "category": "Intellectual Curiosity"}}, {"model": "student_feedback_app.feedback", "pk": 17, "fields": {"date_given": "2019-02-13T12:23:10.214Z", "pre_defined_message": "You really challenged the status quo", "points": 4, "from_user": 9, "student": 2, "which_course": "MAT1Q", "datetime_given": "2019-02-13T12:23:10.214Z", "optional_message": "", "category": "Intellectual Curiosity"}}, {"model": "student_feedback_app.feedback", "pk": 18, "fields": {"date_given": "2019-02-13T12:23:10.655Z", "pre_defined_message": "It\u2019s good to think out of the box sometimes", "points": 2, "from_user": 9, "student": 2, "which_course": "MAT1Q", "datetime_given": "2019-02-13T12:23:10.655Z", "optional_message": "", "category": "Intellectual Curiosity"}}, {"model": "student_feedback_app.feedback", "pk": 19, "fields": {"date_given": "2019-02-13T12:23:11.121Z", "pre_defined_message": "Welcome to the class!", "points": 1, "from_user": 9, "student": 2, "which_course": "MAT1Q", "datetime_given": "2019-02-13T12:23:11.121Z", "optional_message": "", "category": "General"}}, {"model": "student_feedback_app.category", "pk": "Active Participation", "fields": {"colour": "#F7D969"}}, {"model": "student_feedback_app.category", "pk": "Co-operation & Communication", "fields": {"colour": "#EC1C4B"}}, {"model": "student_feedback_app.category", "pk": "Critical Thinking & Analysis", "fields": {"colour": "#A6206A"}}, {"model": "student_feedback_app.category", "pk": "General", "fields": {"colour": "#F9CDAE"}}, {"model": "student_feedback_app.category", "pk": "Hard Work", "fields": {"colour": "#F8B195"}}, {"model": "student_feedback_app.category", "pk": "Intellectual Curiosity", "fields": {"colour": "#F05053"}}, {"model": "student_feedback_app.category", "pk": "Quality of Contribution", "fields": {"colour": "#F16A43"}}, {"model": "student_feedback_app.category", "pk": "Understanding & Competence", "fields": {"colour": "#355C7D"}}, {"model": "student_feedback_app.message", "pk": "A very reflective thinker", "fields": {"category": "Intellectual Curiosity"}}, {"model": "student_feedback_app.message", "pk": "Always trying your best", "fields": {"category": "Hard Work"}}, {"model": "student_feedback_app.message", "pk": "Awesome improvements and glad to hear more!", "fields": {"category": "Hard Work"}}, {"model": "student_feedback_app.message", "pk": "Basic understanding of concepts", "fields": {"category": "Understanding & Competence"}}, {"model": "student_feedback_app.message", "pk": "Brilliant analytical skills!", "fields": {"category": "Critical Thinking & Analysis"}}, {"model": "student_feedback_app.message", "pk": "Brilliant in expressing your ideas", "fields": {"category": "Co-operation & Communication"}}, {"model": "student_feedback_app.message", "pk": "Excellent application of concepts to the real-world!", "fields": {"category": "Critical Thinking & Analysis"}}, {"model": "student_feedback_app.message", "pk": "Excellent understanding of the literature", "fields": {"category": "Understanding & Competence"}}, {"model": "student_feedback_app.message", "pk": "Good awareness of different perspectives of the topic", "fields": {"category": "Critical Thinking & Analysis"}}, {"model": "student_feedback_app.message", "pk": "Good use of evidence to inform your thinking", "fields": {"category": "Critical Thinking & Analysis"}}, {"model": "student_feedback_app.message", "pk": "Great attitude in class", "fields": {"category": "Hard Work"}}, {"model": "student_feedback_app.message", "pk": "Great leadership in discussions", "fields": {"category": "Co-operation & Communication"}}, {"model": "student_feedback_app.message", "pk": "Great participation in class", "fields": {"category": "Active Participation"}}, {"model": "student_feedback_app.message", "pk": "Great quality contribution", "fields": {"category": "Quality of Contribution"}}, {"model": "student_feedback_app.message", "pk": "Great synthesis of the literature", "fields": {"category": "Critical Thinking & Analysis"}}, {"model": "student_feedback_app.message", "pk": "Highly innovative way of thinking", "fields": {"category": "Intellectual Curiosity"}}, {"model": "student_feedback_app.message", "pk": "Impressive understanding of concepts and theories", "fields": {"category": "Understanding & Competence"}}, {"model": "student_feedback_app.message", "pk": "It\u2019s good to think out of the box sometimes", "fields": {"category": "Intellectual Curiosity"}}, {"model": "student_feedback_app.message", "pk": "Kindly helped others", "fields": {"category": "Co-operation & Communication"}}, {"model": "student_feedback_app.message", "pk": "Lots of preparation for class", "fields": {"category": "Hard Work"}}, {"model": "student_feedback_app.message", "pk": "Make sure you listen to other people", "fields": {"category": "Co-operation & Communication"}}, {"model": "student_feedback_app.message", "pk": "Make sure you understand the readings better", "fields": {"category": "Understanding & Competence"}}, {"model": "student_feedback_app.message", "pk": "Marvellous work in discussion!", "fields": {"category": "Quality of Contribution"}}, {"model": "student_feedback_app.message", "pk": "Outstanding analysis of the topic", "fields": {"category": "Critical Thinking & Analysis"}}, {"model": "student_feedback_app.message", "pk": "Outstanding teamwork!", "fields": {"category": "Co-operation & Communication"}}, {"model": "student_feedback_app.message", "pk": "Remember to complete your work next class", "fields": {"category": "Hard Work"}}, {"model": "student_feedback_app.message", "pk": "Remember to do more readings next class", "fields": {"category": "Understanding & Competence"}}, {"model": "student_feedback_app.message", "pk": "Remember to give feedback to other students and lecturers!", "fields": {"category": "General"}}, {"model": "student_feedback_app.message", "pk": "Thank you for your feedback", "fields": {"category": "General"}}, {"model": "student_feedback_app.message", "pk": "Thank you for your help!", "fields": {"category": "General"}}, {"model": "student_feedback_app.message", "pk": "Try to dig deeper into the issue in your discussion", "fields": {"category": "Quality of Contribution"}}, {"model": "student_feedback_app.message", "pk": "Try to engage with wider perspectives on the topic", "fields": {"category": "Critical Thinking & Analysis"}}, {"model": "student_feedback_app.message", "pk": "Try to include others\u2019 views in your discussions", "fields": {"category": "Co-operation & Communication"}}, {"model": "student_feedback_app.message", "pk": "Very good grasp of key materials", "fields": {"category": "Understanding & Competence"}}, {"model": "student_feedback_app.message", "pk": "Welcome to the class!", "fields": {"category": "General"}}, {"model": "student_feedback_app.message", "pk": "What a great idea!", "fields": {"category": "Quality of Contribution"}}, {"model": "student_feedback_app.message", "pk": "What a great team!", "fields": {"category": "Co-operation & Communication"}}, {"model": "student_feedback_app.message", "pk": "Would love to hear your ideas more", "fields": {"category": "Active Participation"}}, {"model": "student_feedback_app.message", "pk": "You are not afraid to challenge and question others\u2019 ideas", "fields": {"category": "Intellectual Curiosity"}}, {"model": "student_feedback_app.message", "pk": "You asked a really good question", "fields": {"category": "Intellectual Curiosity"}}, {"model": "student_feedback_app.message", "pk": "You bring out the best in others", "fields": {"category": "Co-operation & Communication"}}, {"model": "student_feedback_app.message", "pk": "You communicate really well", "fields": {"category": "Co-operation & Communication"}}, {"model": "student_feedback_app.message", "pk": "You did lots of listening", "fields": {"category": "Active Participation"}}, {"model": "student_feedback_app.message", "pk": "You did lots of readings!", "fields": {"category": "Hard Work"}}, {"model": "student_feedback_app.message", "pk": "You gave lots of ideas!", "fields": {"category": "Active Participation"}}, {"model": "student_feedback_app.message", "pk": "You made an excellent point that showed deep thinking", "fields": {"category": "Quality of Contribution"}}, {"model": "student_feedback_app.message", "pk": "You really challenged the status quo", "fields": {"category": "Intellectual Curiosity"}}, {"model": "student_feedback_app.message", "pk": "You really listened to your classmates!", "fields": {"category": "Co-operation & Communication"}}, {"model": "student_feedback_app.message", "pk": "You showed great critical reflections", "fields": {"category": "Critical Thinking & Analysis"}}, {"model": "student_feedback_app.message", "pk": "You were really engaged in the discussion", "fields": {"category": "Active Participation"}}, {"model": "student_feedback_app.message", "pk": "You were very open to new ideas", "fields": {"category": "Intellectual Curiosity"}}, {"model": "student_feedback_app.message", "pk": "You were very reflective", "fields": {"category": "Quality of Contribution"}}]
